name,rating,total_reviews,category,review,address,lat,lon,geocode_confidence,found_address
Phở Mong 24H- Phở cổ Việt Nam - Phòng thoáng mát,4.7,501,Nhà hàng phở,,242 Khánh Hội,10.7590567,106.6988864,1.0,"242, Khánh Hội, Ho Chi Minh City, HC, Vietnam"
Hàng Dương Quán Quận 1,4.5,623,Nhà hàng,"Quán ăn ngon, view đẹp, nhân viên nhiệt tình.",32-34 Ngô Đức Kế,10.773851909363788,106.70574269708725,0.5,"32-34, Ngo Duc Ke Street, Saigon, Ho Chi Minh City, 71006, Vietnam"
Mỳ Quảng Bà Mua Chi Nhánh Quận 1,4.6,391,Quán mì,"Món ăn của quán ngon, nhân viên nhiệt tình, 10 điểm cho.",Hẻm 60A Lê Thị Riêng,10.781971,106.693081,0.5,"Ho Chi Minh City, HC, Vietnam"
Cơm Niêu Chú Chen - Quận 1,4.8,309,Nhà hàng cơm,"Cơm ngon, không gian quán đẹp, sạch sẽ, các bạn nhân viên dễ thương.",283 Nguyễn Trãi,10.7562568,106.6761611,1.0,"283, Đường Nguyễn Trãi, Ho Chi Minh City, HC 72760, Vietnam"
Ăn Cơm Uống Nước - Thai Bistro & Coffee,4.4,932,Món ăn Thái Lan,"Quán dễ thương, đồ ăn ngon, nhân viên đẹp trai.",63/18 Pasteur,10.775646153355105,106.70043655277055,0.5,"Pasteur Street, Saigon, Ho Chi Minh City, 71006, Vietnam"
QUÁN ĂN CÔ NĂM,4.9,25,Quán ăn nhỏ,"Quán làm ngon, xin thêm sate hay rau đều cho đủ.",212B/E19 Nguyễn Trãi,10.753122,106.651328,0.5,"Nguyễn Trãi, Ho Chi Minh City, HC, Vietnam"
DÊ CHÚ THÒONG | DÊ NGON CỐNG QUỲNH | DÊ NGON QUẬN 1,5.0,48,Nhà hàng,"Món ăn ngon, nhân viên nhiệt tình, không gian quán rất đẹp.",102 Cống Quỳnh,10.7650428,106.6912251,0.95,"Green Suites Hotel, 102/1, Cong Quynh Street, Ho Chi Minh City, HC 70200, Vietnam"
Bếp Nhà Lục Tỉnh,4.0,1769,Món ăn Việt Nam,"Cảnh trí quán đẹp, nhân viên quá sức nhiệt tình, đồ ăn thì khỏi phải bàn.",37 Nam Kỳ Khởi Nghĩa,10.7695553,106.70177,1.0,"37, Nam Kỳ Khởi Nghĩa, Ho Chi Minh City, HC, Vietnam"
Quán ăn ngon Sài Gòn,4.0,965,Nhà hàng,"Quán đẹp, nước và món ăn vừa vị.",138 Nam Kỳ Khởi Nghĩa,10.7775622,106.69754019924534,1.0,"Quán Ngon 138, 138, Nam Kỳ Khởi Nghĩa, Saigon, Ho Chi Minh City, HC 71006, Vietnam"
Trần Ký Mì Gia | Tiệm Mì Quận 1 | Mì Người Hoa Quận 1,4.7,86,Món ăn Trung Quốc,Tiệm mì người hoa quận 1 - mì tươi.,127 Ký Con,10.7673804,106.6982687,1.0,"127, Đường Ký Con, Ho Chi Minh City, HC, Vietnam"
Nhà hàng Vee Ayy,4.3,989,Nhà hàng,"Quán xinh, nhân viên lịch sự, được huấn luyện nhiều thứ nhỏ nhặt.",345/84 Trần Hưng Đạo,10.7519234,106.6615874,0.95,"345, Tran Hung Dao Street, Cholon, Ho Chi Minh City, 73000, Vietnam"
Poke Saigon,4.8,2321,Món ăn Hawai,"Nói chung là đa dạng hơn mình từng tưởng, vừa ngon miệng vừa tươi.","Second floor, 42 Nguyễn Huệ",10.7740557,106.7041347,1.0,"Cà Phê Boo, 42, Nguyen Hue Boulevard, Saigon, Ho Chi Minh City, 80000, Vietnam"
Morico Lê Lợi,4.6,2719,Món ăn Nhật Bản,"Không gian quán rộng rãi sang trọng, thức ăn ngon, được nêm nếm vừa phải.",30 Lê Lợi,10.862366,106.609528,0.5,"30, Lê Lợi, Ho Chi Minh City, HC, Vietnam"
QUÁN ĂN NGON - Nguyên Sinh Bistro - est. 1942,4.9,2863,Nhà hàng,"Quán không gian đẹp, đồ ăn có cả chay và mặn đều.",141 Trần Đình Xu,10.761662,106.68966,1.0,"141, Trần Ðình Xu, Ho Chi Minh City, HC, Vietnam"
Nhà hàng Mì Ý Double B,4.3,2281,Món ăn Ý,"Quán nằm trong hẻm, không gian hơi nhỏ Các món ngon, vừa miệng.",TK40/24 Trần Hưng Đạo,10.7677119,106.6949723,0.5,"24, Đường Trần Hưng Đạo, Ho Chi Minh City, HC, Vietnam"
Bún Thịt Nướng Chị Tuyền,4.4,560,Nhà hàng,"Quán hơi chật xíu nhưng giá cả vừa phải và phần ăn khá no, nhiều rau thịt.",175c Cô Giang,10.79634,106.683637,0.5,"175c, Cô Giang, Ho Chi Minh City, HC, Vietnam"
"Hủ tiếu Sa Đéc & Bánh tằm - DÌ NĂM SA ĐÉC - 166 Bùi Thị Xuân, Quận 1",4.2,596,Nhà hàng,"Bánh tằm ngon, nước mắm vừa phải, không quá mặn hay quá ngọt.",166 Bùi Thị Xuân,10.7955602,106.6640032,1.0,"166, Bùi Thị Xuân, Ho Chi Minh City, HC, Vietnam"
Gánh - Truly Vietnamese Cuisine,4.5,1944,Nhà hàng,"Mình gọi món chay, menu không đa dạng lắm nhưng vị khá vừa ăn.",91 Hai Bà Trưng,10.7771641,106.7043101,1.0,"Nhà Hàng Gánh, 91, Hai Ba Trung Street, Saigon, Ho Chi Minh City, 71006, Vietnam"
Chi Rứa Quán | Nhà Hàng Huế Quận 1,4.1,305,Nhà hàng,"Quán nhỏ bày trí đệp, nhân viên ca mình ăn nhiệt tình thân thiện.",15/29 Nguyễn Thị Minh Khai,10.7830472,106.6982373,0.5,"29, Nguyễn Thị Minh Khai, Ho Chi Minh City, HC, Vietnam"
Quán Bụi Original,4.2,3672,Món ăn Việt Nam,Điểm trừ là quán đông nên ra món hơi chậm đặc biệt những món kho.,19 Ngô Văn Năm,10.780697417344657,106.7066163851968,0.5,"19, Ngô Văn Năm, Saigon, Ho Chi Minh City, 71006, Vietnam"
Phở Ông Cát Gia Truyền Since 1988,4.6,496,Phở,Nước dùng hơi ngọt so với khẩu vị của mình (miền Bắc).,201 Phạm Ngũ Lão,10.7687106,106.6933954,1.0,"201, Đường Phạm Ngũ Lão, Ho Chi Minh City, HC, Vietnam"
NHÀ HÀNG NGON,4.0,10842,Món ăn Việt Nam,"Quán đẹp, sạch sẽ, sang trọng, nhân viên vui vẻ, nhiều món ngon.",160 Pasteur,10.7773442,106.6996559276771,1.0,"Nhà hàng Ngon, 160, Pasteur Street, Saigon, Ho Chi Minh City, 71006, Vietnam"
Dì Mai Vietnamese Restaurant - Bến Thành,4.4,1559,Món ăn Việt Nam,"Quán ăn ngon có cả đồ chay và mặn, mình gọi cho 3 người ăn đều hài lòng.",136 Lê Thị Hồng Gấm,10.768902,106.697578,0.5,"136, Lê Thị Hồng Gấm, Ho Chi Minh City, HC, Vietnam"
Phở Phú Vương,4.3,2781,Phở,Quán ngon đồ ăn chất lượng mình là khách ruột chỗ này.,120 Nguyễn Thái Bình,10.7683485,106.6986878,1.0,"Pho Phu Vuong, 120, Nguyen Thai Binh Street, Ho Chi Minh City, HC 71010, Vietnam"
Bornga Ly Tu Trong,4.2,1264,Món thịt nướng Triều Tiên,Các món ba chỉ hay thịt bò nướng thì ở đâu cũng như nhau.,45 Lý Tự Trọng,10.7773522,106.7004386,1.0,"45, Lý Tự Trọng, Ho Chi Minh City, HC, Vietnam"
HỦ TÍU CHÚ THÀNH | Hủ Tíu Ngon Quận 1 | Hủ Tíu Chú Thành Quận 1 |,4.7,208,Nhà hàng,Mình nghĩ để khách ngồi chung khu vực nấu nướng sẽ rất hầm và bám mùi.,61 Phó Đức Chính,10.7695763,106.6998304,1.0,"61, Đường Phó Đức Chính, Ho Chi Minh City, HC, Vietnam"
Quán Nam Giao,4.1,1044,Món ăn Việt Nam,"Quán nằm trong hẻm nhỏ gần chợ Bến Thành, khách du lịch tấp nập.",136/15 Lê Thánh Tôn,10.777234,106.701798,0.5,"15, Lê Thánh Tôn, Saigon, Ho Chi Minh City, HC 71006, Vietnam"
Bún Chả Hà Nội 26,4.3,1051,Món ăn Việt Nam,"Quán hơi nhỏ nhưng đồ ăn ngon, nhất là chả giò vừa.",8A/9C2 Thái Văn Lung,10.7798254,106.704975,0.95,"GIFUYA Japanese Izakaya Restaurant, 8A/A7, Thai Van Lung Street, Saigon, Ho Chi Minh City, 71006, Vietnam"
Asiana Food Town (Chợ Ẩm Thực Dưới Lòng Đất),4.2,2612,Khu ăn uống,"Mình gọi mì sườn Hong Kong nước dùng khá nhạt, nhưng sườn mềm, giá 80k.","Khu B công viên 23, 4 Phạm Ngũ Lão",10.825479,106.680691,0.45,"4, Phạm Ngũ Lão, Ho Chi Minh City, HC, Vietnam"
TukTuk Thai Bistro,4.5,2107,Món ăn Thái Lan,"Món ăn ngon, phong cách quán đẹp Delicious meal with atmosphere luxurious.",38 Lý Tự Trọng,10.77734,106.700248,1.0,"Nhà Hàng Hương Lài, 38, Ly Tu Trong Street, Saigon, Ho Chi Minh City, 71006, Vietnam"
Cháo sườn chú Chen,4.2,973,Món ăn Đài Loan,"Đồ ăn ngon, lên món nhanh nhân viên hỗ trợ nhiệt tình vui vẽ hiếu khách.",281 Nguyễn Trãi,10.7629712,106.6867842,1.0,"281, Nguyễn Trãi, Ho Chi Minh City, HC, Vietnam"
Nhà Hàng Phố 79 (chi nhánh 1),4.2,608,Nhà hàng,"Nhân viên mặc đồ đẹp, không gian sang trọng, nhạc thư giãn.",120 Sương Nguyệt Anh,10.771887,106.689061,0.5,"120, Sương Nguyệt Anh, Ho Chi Minh City, HC, Vietnam"
Nhà Hàng RIVIA,4.2,694,Món ăn Việt Nam,"Đồ ăn bình thường, vị trí đẹp, đậu đc xe oto.",18 Nguyễn Cư Trinh,10.762668,106.687175,0.5,"18, Nguyễn Cư Trinh, Ho Chi Minh City, HC, Vietnam"
Quán ăn gia đình Gà Lên Mâm Mai Phai,4.2,310,Món ăn Việt Nam,Có thể đặt trước món ăn ngoài menu nếu khách hàng yêu cầu.,150/56 Nguyễn Trãi,10.7591407,106.6830246,0.5,"56, Nguyễn Trãi, Ho Chi Minh City, HC, Vietnam"
Quán Ăn Thanh Bình,4.2,164,Nhà hàng,Bánh tằm mềm vừa kèm vị nước dừa béo và nước mắm ngọt nhẹ nhàng.,140 Lê Thánh Tôn,10.7736273,106.6983861,1.0,"140, Lê Thánh Tôn, Ho Chi Minh City, HC, Vietnam"
Quán Ụt Ụt Võ Văn Kiệt,4.4,5774,Món ăn Mỹ,"Quán xinh, ngon, nhân viên nhiệt tình, cute, đủ wow rồi.",168 Võ Văn Kiệt,10.74801,106.657909,0.5,"168, Võ Văn Kiệt, Ho Chi Minh City, HC, Vietnam"
Matsuri Japanese Restaurant - Nguyễn Huệ,4.8,486,Nhà hàng,Quán đồ ăn rất.,3 Nguyễn Huệ,10.7734608993639,106.70407803768192,0.5,"3, Nguyen Hue Boulevard, Saigon, Ho Chi Minh City, 71006, Vietnam"
Cơm Tấm Mộc,3.7,1817,Món ăn Việt Nam,Quán nhỏ nên khách đi nhóm đông sẽ phải chờ hoặc ngồi tách bàn.,85 Lý Tự Trọng,10.7745667,106.6978431,1.0,"85, Lý Tự Trọng, Ho Chi Minh City, HC, Vietnam"
Phở Hùng,4.3,4058,Phở,"Quán ăn ngon, nước phở đậm đà, ngay mặt tiền đường Nguyễn Trãi.",241 - 243 Nguyễn Trãi,10.764853,106.6876056,0.9,"Quán Phở Hùng, 241-243, Nguyen Trai Street, Ho Chi Minh City, HC 70200, Vietnam"
Nhà hàng Tân Hải Vân,4.3,3200,Nhà hàng Trung Quốc,Quán ăn ngon đồ ăn ra vừa nhanh với bày trí đẹp đẽ nên.,152 Nguyễn Trãi,10.7656754,106.6878508,1.0,"152, Nguyễn Trãi, Ho Chi Minh City, HC, Vietnam"
Nhà Hàng Đoàn Viên,4.0,1126,Nhà hàng,"Quán đc trang trí bằng tranh tường đẹp mắt, đồ ăn khá.",6 Huyền Trân Công Chúa,10.776084,106.694568,0.5,"6, Huyền Trân Công Chúa, Ho Chi Minh City, HC, Vietnam"
Đỉnh Bread & Tea | Bánh Mì Ngon Quận 1,5.0,7,Quán ăn nhỏ,,170 Trần Hưng Đạo,10.7523937,106.665896,1.0,"170, Đường Trần Hưng Đạo, Ho Chi Minh City, HC 73000, Vietnam"
Nhà hàng Dìn Ký Nguyễn Trãi,3.9,2284,Nhà hàng,"Không gian quán, đồ ăn, thái độ nhân viên đều rất tốt.",137c Nguyễn Trãi,10.7691704,106.6906551370408,0.95,"Trường Mầm non Tuổi Thơ, 137A, Nguyen Trai Street, Ho Chi Minh City, HC 70200, Vietnam"
MamaPho - The Home of Pho Lê Thánh Tôn,4.3,1058,Phở,1 quán phở được trang trí vả vệ sinh tốt đến bất ngờ.,134 Lê Thánh Tôn,10.7738073,106.6986529,1.0,"134, Lê Thánh Tôn, Ho Chi Minh City, HC, Vietnam"
San Fu Lou Restaurant AB Tower,4.3,2219,Món ăn Quảng Đông,"View quán xịn nha, đồ ăn thì vừa miệng và đậm vị nữa, khá hợp vs mình.","Tòa nhà AB Tower, 76A Lê Lai",10.770926,106.694698,0.855,"76, Lê Lai, Ho Chi Minh City, HC 71009, Vietnam"
Bún Thịt Nướng Chả Giò - Nguyễn Trung Trực,4.5,1247,Gian hàng rong,. . . nướng chả giò nói chung tổng quan khá ổn về giá cả và độ ngon.,1 Nguyễn Trung Trực,10.775039,106.6977604,0.5,"Vy Da Backpackers Hostel, 33/1, Nguyen Trung Truc Street, Ho Chi Minh City, HC 71009, Vietnam"
Chilli Thai,4.2,1706,Món ăn Thái Lan,Quán đồ ăn ngon phần vừa đủ ko bị ít.,93 Lý Tự Trọng,10.7744943,106.6975843,1.0,"93, Lý Tự Trọng, Ho Chi Minh City, HC, Vietnam"
Bơ by Butterman,4.7,335,Tiệm bánh,"Bánh ngon xinh mà rẻ nhắm, khôgn gian quán decor cũng cực xinh xắn.",67 Lê Thị Riêng,10.8721278,106.6546152,1.0,"67, Lê Thị Riêng, Ho Chi Minh City, HC, Vietnam"
Ẩm Thực Quê Nhà Quận 3,4.0,2278,Món ăn Việt Nam,"Quán đẹp, giá cũng đẹp Heo tộc nướng da giòn: 299. 000.",28 Phạm Ngọc Thạch,10.7846135,106.6941283,1.0,"28, Pham Ngoc Thach Street, Ho Chi Minh City, HC 71006, Vietnam"
Tiệm Ăn Siam,4.0,434,Món ăn Thái Lan,"Bún thái giá 59k đầy đủ đồ ăn, chất lượng ăn được ko.",132 Cao Thắng,10.7739094,106.677663,1.0,"132, Cao Thắng, Ho Chi Minh City, HC, Vietnam"
Quán Ăn Hương Giang,4.4,194,Món ăn Việt Nam,Cuộn ít rau kẹp thêm vả khế chua và thịt luộc chấm vào nhức nak lun ah.,129 Lý Chính Thắng,10.7869865,106.684747,1.0,"129, Đường Lý Chính Thắng, Ho Chi Minh City, HC, Vietnam"
A Mà Kitchen,4.3,2668,Nhà hàng,Decord thì đẹp nhưng bố trí bàn ăn sát nhau quá!,62 Võ Văn Tần,10.773143,106.687137,1.0,"62, Võ Văn Tần, Ho Chi Minh City, HC, Vietnam"
Lẩu Gà Lá É Phú Yên Hội Ngộ,4.3,1032,Quán ăn nhỏ,Đây là quán mình đem lại cho mình rất nhiều kỉ niệm đẹp và thân thương.,716b Trường Sa,10.793478,106.659259,0.5,"716b, Trường Sa, Ho Chi Minh City, HC, Vietnam"
Hanuri Korean Fast Food,4.3,2128,Món ăn Hàn Quốc,"Quán đông do giá món rất thấp từ 30-60k/món, topping thì 5-10k.",531 Điện Biên Phủ,10.798521384124388,106.70503882968868,0.5,"531, Điện Biên Phủ, Gia Dinh, Ho Chi Minh City, 72200, Vietnam"
Quán Ốc Chị Hồng,4.4,213,Quán ăn nhỏ,"Cô chủ quán là cô Hồng trực tiếp nấu món, nêm nếm vừa vị với bọn mình.","Phường Nhiêu Lộc, 210/15 Cách Mạng Tháng Tám",10.786951,106.664649,0.5,"Cách Mạng Tháng Tám, Ho Chi Minh City, HC, Vietnam"
"Nhà Hàng Thái, Quán Ăn Thái, Đồ Ăn Thái Lan - Thai Market Restaurant - Cao Thắng",4.7,1943,Món ăn Thái Lan,"Quán có không gian đẹp, thức ăn vừa miệng, đậm chất thái, giá hợp lý.",95 Cao Thắng,10.7719064,106.6799696,1.0,"95, Cao Thắng, Ho Chi Minh City, HC, Vietnam"
Quán Ăn Vặt Hẻm 16 (Nguyễn Thiện Thuật),4.6,85,Quán ăn nhỏ,Nằm trong con hẻm nhưng hữu xạ tự nhiên hương nên quán khá đông khách.,16/73a Đ. Nguyễn Thiện Thuật,10.8053984,106.6992658,0.95,"Tiệm Làm Tóc Chuyên Tóc Nữ, 16, Nguyễn Thiện Thuật, Ho Chi Minh City, 72317, Vietnam"
Gánh - Truly Vietnamese Cuisine,4.8,967,Nhà hàng,"Chén nước mắm chấm kèm của quán ngon, đậm đà nhưng không bị gắt.",58/4 Phạm Ngọc Thạch,10.7813773,106.6974479,0.5,"4, Phạm Ngọc Thạch, Ho Chi Minh City, HC 71006, Vietnam"
Lil' Sago - Hotpot & more,4.4,769,Món ăn Việt Nam,"Quán không khí khá đẹp, đồ ăn nhiều và.",299 Võ Văn Tần,10.7716103,106.6857069,1.0,"299, Võ Văn Tần, Ho Chi Minh City, HC, Vietnam"
Hanuri - Quán ăn Hàn Quốc - Nguyễn Đình Chiểu,4.2,3107,Món ăn Hàn Quốc,Quán đẹp đông khách đồ ăn ngon còn no nữa mà giá cả hssv.,284A Nguyễn Đình Chiểu,10.7756575,106.6872429,0.95,"Hanuri, 284, Nguyễn Đình Chiểu, Ho Chi Minh City, HC 70001, Vietnam"
Cơm quê Mười Khó,3.8,1646,Nhà hàng,Cảm ơn quán đã mang đến trải nghiệm ăn uống tốt.,27 Trần Quốc Thảo,10.7829547,106.6865745,1.0,"27, Trần Quốc Thảo, Ho Chi Minh City, HC, Vietnam"
Nhà hàng Khoái,4.5,1746,Món ăn Việt Nam,Quán ăn sạch sẽ đẹp món ăn ngon nhân viên nhiệt tình.,16 Lê Quý Đôn,10.7797828,106.6925038,1.0,"16, Lê Quý Đôn, Ho Chi Minh City, HC, Vietnam"
Tám Riêu - Lý Chính Thắng,4.8,1045,Nhà hàng,Quán.,140a Lý Chính Thắng,10.7866023,106.6846638,0.95,"140, Đường Lý Chính Thắng, Ho Chi Minh City, HC, Vietnam"
No.96 Món Ngon Hà Nội,4.5,208,Nhà hàng,"Quán đúng tiêu chuẩn các món ăn nhậu, rất vừa vị mình.",117 Võ Văn Tần,10.7758114,106.6896152,1.0,"117, Võ Văn Tần, Ho Chi Minh City, HC, Vietnam"
Nhà Hàng Phố 79,4.3,279,Nhà hàng,Quán ăn khá ngon tuy nhiên không giành cho số đông thực khách.,5 Phạm Ngọc Thạch,10.7814676,106.6971785,0.75,"5, Phạm Ngọc Thạch, Saigon, Ho Chi Minh City, 71006, Vietnam"
Nhà Hàng Thuần Chay BÀ XÃ - CN Trương Định - Vegan Restaurant,4.4,998,Món chay,"Nêm nếm vừa ăn, đồ ăn vừa miệng, trang trí đẹp.",107K Trương Định,10.7783238,106.688473,0.95,"Apartment 107, 107, Trương Định, Ho Chi Minh City, HC 70001, Vietnam"
Chảo Bánh Mì restaurant,3.8,713,Nhà hàng,"1 phần ăn vừa đủ no, kèm bánh mì tươi nóng giòn và khoai tây chiên.",31 Trần Quang Diệu,10.785237,106.6784356,1.0,"31, Trần Quang Diệu, Ho Chi Minh City, HC, Vietnam"
BÒ TƠ QUÁN MỘC 486 Nguyễn Thị Minh Khai,4.9,4420,Nhà hàng,"Quán đẹp, đồ ăn ngon, nhân viên nhiệt tình.",486 Nguyễn Thị Minh Khai,10.785492887644889,106.70055148216682,0.5,"486, Nguyen Thi Minh Khai, Saigon, Ho Chi Minh City, 71006, Vietnam"
Bánh tráng trộn chú Viên,4.1,666,Quán ăn nhỏ,"Bánh đóng gói kĩ càng Nước sốt ngon, đậm vị Chủ quán thân thiện.",38 Đường Nguyễn Thượng Hiền,10.813641,106.684789,0.5,"38, Đường Nguyễn Thượng Hiền, Ho Chi Minh City, HC, Vietnam"
Phở NHON - Phở Bò Úc | Phở Gà Ta | Phở Ngon Quận 3 | Phở NHON Sài Gòn,4.9,504,Phở,"Quán có đầy đủ sườn, đuôi, nạm, gầu, gân, tái, tái băm, bò viên.",52 Nguyễn Thông,10.7810965,106.6797842,1.0,"52, Nguyễn Thông, Ho Chi Minh City, HC, Vietnam"
Cơm nhà Tú,4.4,745,Món ăn Việt Nam,"Decor quán đẹp, thức ăn việt nam đa dạng, các bạn phục vụ dễ thương.",129/4 Võ Văn Tần,10.7815284,106.6948896,0.5,"4, Võ Văn Tần, Ho Chi Minh City, HC, Vietnam"
Lẩu Cá Kèo Bà Huyện,4.1,3214,Món ăn Việt Nam,"Nhìn chung quán ăn ổn, giá tầm trung, đề xuất cực mạnh món lẩu Thái nha.",87 Bà Huyện Thanh Quan,10.778294,106.6868159,1.0,"87, Bà Huyện Thanh Quan, Ho Chi Minh City, HC, Vietnam"
Pasta Paradise NTMK,4.2,1353,Món ăn Ý,- Đồ ăn : các loại mì sốt kem ở quán tương đối.,242 Nguyễn Thị Minh Khai,10.7741769,106.6898914,1.0,"242, Nguyễn Thị Minh Khai, Ho Chi Minh City, HC, Vietnam"
Gà Cơ Bắp 1 - Chuyên các món gà ta,4.3,1568,Món gà,"Món ăn ở đây làm ngon,.",171 B Đ. Trần Văn Đang,10.78265,106.679461,0.5,"171 b, Đường Trần Văn Đang, Ho Chi Minh City, HC, Vietnam"
BROS KOREA,4.9,44179,Món thịt nướng Triều Tiên,"Quán đẹp, đồ ăn ngon, nhân viên thân thiện, nhiệt tình.",47 Nguyễn Thị Diệu,10.774662,106.687505,0.5,"47, Nguyễn Thị Diệu, Ho Chi Minh City, HC, Vietnam"
Nhà Hàng Sài Gòn 3,4.2,1492,Nhà hàng,"Quán đồ ăn ngon, nêm vừa miệng, có nhiều món Hoa đặc trưng.",9A Tú Xương,10.77892,106.684561,0.5,"9a, Tú Xương, Ho Chi Minh City, HC, Vietnam"
Quán bún mọc Ròm Mập,4.1,496,Quán mì,"Ngoài bún mọc, quán còn bán bún bò, bánh canh, nui nữa.",457 Võ Văn Tần,10.769376,106.683594,0.5,"457, Võ Văn Tần, Ho Chi Minh City, HC, Vietnam"
La Maison Wine Dining,4.5,460,Món ăn Pháp,"Mình order 3 món đều rất ngon, nhân viên nhiệt tình, dễ thương.",201b Nam Kỳ Khởi Nghĩa,10.7872958,106.68632455,0.95,"Tòa Nhà Bernard, 201, Nam Kỳ Khởi Nghĩa, Ho Chi Minh City, HC 70150, Vietnam"
Én Restaurant & Event Space,4.3,1431,Nhà hàng,"Mình thích món soup, lẩu đoàn viên, tráng miệng, các món còn lại thì ổn.","Robot Tower, 308C Điện Biên Phủ",10.7736145,106.6800569,0.855,"308, Điện Biên Phủ, Ho Chi Minh City, HC, Vietnam"
CHAY GARDEN Võ Văn Tần,4.7,1945,Đồ chay,"Quán đẹp, đồ ăn ngon, phụ vụ tận tình chu đáo.",52 Võ Văn Tần,10.7775639,106.6911926,1.0,"52, Võ Văn Tần, Ho Chi Minh City, HC, Vietnam"
Cơm Niêu Sài Gòn,4.2,3401,Nhà hàng,"Không gian quán tương đối OK, có live music cho khách vừa ăn vừa nghe.",27 Tú Xương,10.7804812,106.6861558,1.0,"27, Tú Xương, Ho Chi Minh City, HC, Vietnam"
Nhà hàng Việt Phố,4.2,3559,Món ăn Việt Nam,"Quán ngon, tiếp viên xinh đẹp, lịch sự.",Lê Quý Đôn,10.791831,106.67984,1.0,"Lê Quý Ðôn, Ho Chi Minh City, HC, Vietnam"
Bún Riêu Nhà,4.5,1643,Quán mì,"Các món của quán đều ngon nha, bún riêu, bánh đa cua, bún riêu, cuốn, chè.",63B Trần Quốc Thảo,10.7830388,106.686482,0.95,"63, Trần Quốc Thảo, Ho Chi Minh City, HC, Vietnam"
Stix,4.2,758,Nhà hàng,"Chất lượng dịch vụ tốt, món ăn ngon, nhân viên nhanh nhẹn đáng yêu.",174A Nguyễn Đình Chiểu,10.7767773,106.6885002,0.95,"174, Nguyễn Đình Chiểu, Ho Chi Minh City, HC, Vietnam"
Cơm Niêu Sài Gòn,4.3,2067,Món ăn Việt Nam,"Quán sang trọng, bày trí đẹp, nêm nếm rất ngon, vừa miệng.",59 Hồ Xuân Hương,10.775266,106.686371,0.5,"59, Hồ Xuân Hương, Ho Chi Minh City, HC, Vietnam"
Ashima Tú Xương,4.5,1263,Nhà hàng,"Không gian quán yên tĩnh, phù hợp cho cả gia đình lẫn các cặp đôi.",11a Tú Xương,10.8402931,106.772104,0.95,"Trường Tiểu học Inspire - Khai Nguyên - Cơ sở Tú Xương - TP. Thủ Đức, 11, Đường Tú Xương, Khu phố 10, Ho Chi Minh City, HC 71211, Vietnam"
Quán Ăn Gia Đình,3.8,70,Nhà hàng,"Chỗ để xe an toàn, vị trí gần quận 1, quận 3 và Phú Nhuận.",76 Phạm Ngọc Thạch,10.783261,106.69528,0.5,"76, Phạm Ngọc Thạch, Saigon, Ho Chi Minh City, HC 71006, Vietnam"
Quán Bột Chiên 881 - Hoàng Sa,3.7,246,Quán ăn nhỏ,"Ngon, 20k/phần, muỗng nĩa rữa không kỹ nên còn dầu nhớt bám.",881 Hoàng Sa,10.7850242,106.6762172,1.0,"881, Hoàng Sa, Ho Chi Minh City, HC, Vietnam"
Yakiniku Yazawa Saigon,4.8,512,Món nướng Yakiniku,"Đồ ăn tươi ngon, tất cả thịt bò được sử dụng đều là bò Wagyu A5.",219 Điện Biên Phủ,10.7737405,106.6802057,1.0,"219, Điện Biên Phủ, Ho Chi Minh City, HC, Vietnam"
TÀU THỐ QUÁN| TÀU THỐ NGON QUẬN 3 | TÀU THỐ TRƯỜNG SA,5.0,9,Bữa nửa buổi,Quán khá dễ thương.,788 Trường Sa,10.7887976,106.6822487,1.0,"788, Trường Sa, Ho Chi Minh City, HC, Vietnam"
Nhà hàng Hoàng Ty,4.1,2369,Món ăn Việt Nam,Hôm qua lần đầu mình ghé quán đồ ăn ngon nhé mn. mình gọi tầm 5 món.,72 Võ Văn Tần,10.7770387,106.6907112,1.0,"72, Võ Văn Tần, Ho Chi Minh City, HC, Vietnam"
Quán Hủ Tiếu Nam Vang Ba Hoàng,3.9,367,Quán ăn nhỏ,Không gian quán dù nằm gần đường nhưng khá yên tĩnh và nhẹ nhàng.,56 Võ Văn Tần,10.7774588,106.6910963,1.0,"56, Võ Văn Tần, Ho Chi Minh City, HC, Vietnam"
Kobe Teppanyaki,4.5,637,Món ăn Nhật Bản,"Mình chọn set bò A5 và set salmon, đủ các món từ khai vị đến tráng miệng.",13A Tú Xương,10.7821212,106.687803,0.95,"13, Đường Tú Xương, Ho Chi Minh City, HC, Vietnam"
Bột Chiên Đạt Thành,4.2,1391,Quán ăn nhỏ,"Quán khá nổi tiếng nên đông khách lắm, giá khá ok và đồ ăn ngon.",277 Võ Văn Tần,10.7715267,106.6856244,1.0,"277, Võ Văn Tần, Ho Chi Minh City, HC, Vietnam"
YE SO BAN,4.6,817,Nhà hàng,Không ấy mình bỏ món đó để tăng chất lượng đồ ăn được không?,"Tầng Trệt, 19A Cao Thắng",10.7691346,106.6831792,0.95,"19, Cao Thắng, Ho Chi Minh City, HC, Vietnam"
Chả Cá Đế Vương,4.9,5434,Nhà hàng món cá,"Quán đồ ăn ngon, nếu được ngồi gần cửa sổ thì view thành phố rất đẹp!",16 Đ. Kỳ Đồng,10.782805,106.681482,0.2835,"16, Hẻm 20 Đường Kỳ Ðồng, Ho Chi Minh City, HC, Vietnam"
Khu ăn vặt Cao Thắng - Bàn Cờ,4.0,108,Nhà hàng,"Bàn ghế được bố trí hài hòa, tạo cảm giác thoải mái cho thực khách.",51 Cao Thắng,10.7700723,106.6811389,0.95,"Quán Mèo Mập, 51/9A, Cao Thang, Ho Chi Minh City, HC 72406, Vietnam"
Lẩu dê Trương Định.,3.9,1279,Món lẩu,Phục vụ khá ổn nhưng quán nên coi lại thái độ của nhân viên giữ xe.,105 Trương Định,10.77835,106.689072,0.5,"105, Trương Định, Ho Chi Minh City, HC, Vietnam"
Ốc Loan,4.1,1566,Đồ hải sản,"Quán khá sâu trong hẻm, tuy nhiên taxi vào được tận nơi!",Lô C - chung cư Nguyễn Thiện Thuật,10.805488,106.699182,0.5,"Nguyễn Thiện Thuật, Ho Chi Minh City, HC, Vietnam"
TA Food & Coffee - Quán Mì Tàu Ngon Quận 3,5.0,9,Quán ăn nhỏ,"Đồ ăn chất lượng, ngon, giá hợp lý 👍 sẽ giới thiệu bạn đến trải nghiệm 👍.",15 Nguyễn Thị Diệu,10.7767314,106.6894832,1.0,"khe Viet restaurant, 15, Nguyen Thi Dieu, Ho Chi Minh City, HC 70001, Vietnam"
Cơm Tấm Trần Quý Cáp,4.0,263,Nhà hàng cơm,"Cơm tấm ngon, ở mức 4. 5/5 5* cho chất lượng dịch vụ, vui vẻ của chủ quán.",260 Võ Văn Tần,10.7714091,106.6855165,1.0,"260, Võ Văn Tần, Ho Chi Minh City, HC, Vietnam"
Nhà hàng Ngõ 8 - Chi nhánh 2,4.1,1345,Món ăn Việt Nam,Không gian quán ko quá chật nhưng xếp bàn sát nhau nên dễ đụng ghế.,57 Võ Văn Tần,10.7774326,106.6910722,1.0,"57, Võ Văn Tần, Ho Chi Minh City, HC, Vietnam"
Nhà Hàng Sapphire Ăn Là Nhớ – Tiệc trọn gói & Catering HCM,4.9,14,Nhà hàng,View đẹp giá tốt Nhậu ngon phục vụ tốt Quán mát mẻ.,737 Hoàng Sa,10.7856855,106.6815098,1.0,"737, Hoàng Sa, Ho Chi Minh City, HC, Vietnam"
Cơm Gà Singapore Quận3,4.6,74,Nhà hàng,"Quán ruột của mình, thấy ngon mà ko đông khách lắm.",214c Lý Chính Thắng,10.790117,106.686252,0.5,"214c, Lý Chính Thắng, Ho Chi Minh City, HC, Vietnam"
Phở Chua Thành,4.2,552,Phở,"Phở trộn với nước sốt chua ngọt, rau muống bào sợi, đu đủ thái mỏng.",242/101 Đ. Nguyễn Thiện Thuật,10.7709443,106.6795607,1.0,"242/101, Nguyễn Thiện Thuật, Ho Chi Minh City, 72406, Vietnam"
Nhà Hàng Chay Quận 3 | Quán Chay Ngon Quận 3 | Vegetarian Restaurant,5.0,1,Thực phẩm bổ dưỡng,Thật sự ấn tượng với món ăn và phong cách phục vụ của Tâm Tâm!,49c Tú Xương,10.7785641,106.6841961,0.95,"49, Tú Xương, Ho Chi Minh City, HC, Vietnam"
Mo Mo Paradise,4.2,1007,Nhà hàng Sukiyaki,"Buffet thịt chất lượng refill nhanh, các phần mì tươi đều ngon.",96 Nguyễn Thị Minh Khai,10.7726288,106.6885457,1.0,"96, Nguyễn Thị Minh Khai, Ho Chi Minh City, HC, Vietnam"
Bún Bò Viên Cô Hoa Vườn Chuối,4.3,1149,Quán mì,"Quán ăn ngon vừa miệng, địa điểm ẩm thực lâu đời, giá cả hợp lý.",116/1 Đ. Vườn Chuối,10.77467,106.681982,0.405,"Hẻm 117 Đường Vườn Chuối, Ho Chi Minh City, HC, Vietnam"
Quán Cơm Tấm Quỳnh,4.3,110,Nhà hàng,"Cơm ngon, tuy rẻ nhưng khẩu phần vẫn đầy đủ & đi kèm cả trà đá miễn phí.",146 Lý Chính Thắng,10.7863923,106.6846291,1.0,"146, Đường Lý Chính Thắng, Ho Chi Minh City, HC, Vietnam"
Quán Ăn Mây Bốn Phương,4.1,398,Nhà hàng,"- Bò cuộn phô mai nướng vừa tới nên thịt bò mềm, phô mai kéo sợi được.","132/6 Vườn Chuối, 6 Đ. Vườn Chuối",10.774704,106.682623,0.675,"6, Hẻm 132 Vườn Chuối, Ho Chi Minh City, HC 70001, Vietnam"
Hủ Tiếu Hồng Phát (Hồng Phát District 3),4.6,2929,Quán mì,"Quán ăn sạch sẽ, chất lượng đồ ăn, nước uống.",389 Võ Văn Tần,10.770158,106.6843438,1.0,"389, Võ Văn Tần, Ho Chi Minh City, HC, Vietnam"
Bún Chả Hà Nội | Bún Chả Cửu Long 2007,4.8,282,Nhà hàng,". . . Long Nguyễn Thị Minh Khai, nước chấm đúng vị Hà Nội rất ngon.",202A Nguyễn Thị Minh Khai,10.7751204,106.690783,0.95,"202, Nguyễn Thị Minh Khai, Ho Chi Minh City, HC, Vietnam"
Bánh Canh Cua Cô Dần - 38 Cao Thắng - Quận 3,4.6,123,Quán ăn nhỏ,"Bánh canh khá ngon mà khẩu phần hơi ít, quán có bàn nhỏ ngồi được 2 người.",38 Cao Thắng,10.7699062,106.6822961,1.0,"38, Cao Thắng, Ho Chi Minh City, HC, Vietnam"
Lẩu bò Nhà gỗ - Sài Gòn,3.9,1697,Món lẩu,Không gian quán decor khá đẹp nhưng hơi ngộp nên khá nóng.,162 Lý Thái Tổ,10.767852,106.669724,1.0,"162, Đường Lý Thái Tổ, Ho Chi Minh City, HC, Vietnam"
Lẩu Gà Ớt Hiểm 109,4.1,1015,Món gà,"Mình ăn quán này được vài lần, lúc bào quay lại cũng cảm thấy dễ chịu.",109/6 Đ. Nguyễn Thiện Thuật,10.806582,106.699007,0.405,"Hẻm 38 Đường Nguyễn Thiện Thuật, Ho Chi Minh City, HC, Vietnam"
Bánh Mì Hòa Mã,4.2,1823,Nhà hàng,"Quán nổi tiếng từ lâu, nhưng khá đông, hầu như mỗi lần đến đều chờ bàn.",53 Cao Thắng,10.7702786,106.6818364,1.0,"Cửa Hàng Bánh Mì Thịt Nướng, 53, Cao Thang, Ho Chi Minh City, HC 72406, Vietnam"
Ốc Hương 771 Hoàng Sa,4.1,254,Nhà hàng,Ốc hương ở đây tooo bằng cái đầu mình mà giá khá hợp lí.,771 Hoàng Sa,10.7843806,106.680765,1.0,"771, Hoàng Sa, Ho Chi Minh City, HC, Vietnam"
Cow Express,4.9,1406,Món ăn Mỹ,"Quán ăn vừa miệng ngon, nhân viên nhiệt tình.",37 Cao Thắng,10.7698656,106.6823427,1.0,"37, Cao Thắng, Ho Chi Minh City, HC, Vietnam"
Quán Bún 66,4.0,53,Quán mì,"Quán luôn đông đúc nhân viên văn phòng, cô chú lớn tuổi đến ăn.",287/66 Nguyễn Đình Chiểu,10.783402,106.6947751,0.5,"66, Nguyễn Đình Chiểu, Ho Chi Minh City, HC, Vietnam"
Bún Riêu Cua Cô Dung Quận 3 Ngon Sạch TP.HCM,4.4,36,Quán ăn nhỏ,"Bún ngon chất lượng nha, chủ quán nhiệt tình nên thử nha các tình yêu.",175 Đ. Nguyễn Thiện Thuật,10.7683898,106.6793074,1.0,"175, Hẻm 175 Nguyễn Thiện Thuật, Ho Chi Minh City, HC 72406, Vietnam"
Quán ăn Toàn Trí,3.3,935,Quán ăn nhỏ,Quán nên nhận khách vừa đủ để pv tốt hơn.,39 Rạch Bùng Binh,10.781484,106.680093,0.5,"39, Rạch Bùng Binh, Ho Chi Minh City, HC, Vietnam"
Quán Mì Quảng Ăn Là Nhớ,3.8,763,Quán mì,"Chả cá nhớ làm nóng trước khi cho vào mì, bữa ăn chả bị hơi lạnh.",123 Trần Quốc Thảo,10.785362,106.682241,0.5,"123, Trần Quốc Thảo, Ho Chi Minh City, HC, Vietnam"
Quán Ăn Mèo Mập,4.0,61,Quán ăn nhỏ,"Khuyết điểm là quán ngồi ngoài lề của hẻm, xe chạy qua lại hơi nhiều.",51/12 Cao Thắng,10.7688701,106.683489,0.5,"12, Cao Thắng, Ho Chi Minh City, HC, Vietnam"
iSushi Cao Thắng,4.4,1138,Món ăn Nhật Bản,"Menu đơn giản, đồ ăn ra vừa đủ để thưởng thức nhiều món.",112 Cao Thắng,10.7730746,106.6786327,1.0,"112, Cao Thắng, Ho Chi Minh City, HC, Vietnam"
Ả Đào Quán Bún Riêu Cua Hà Nội,4.5,128,Nhà hàng ẩm thực đồng quê,Bún riêu rất ngon nước đung đậm đà phần toping ăn kèm nhiều đầy đủ.,491/45 Nguyễn Đình Chiểu,10.7880374,106.6991784,0.5,"45, Nguyễn Đình Chiểu, Saigon, Ho Chi Minh City, HC 72200, Vietnam"
Nhà hàng Đông Phố,4.3,1055,Món ăn Việt Nam,Nên không dám khen món ăn trong quán ngon hay không.,57 Hồ Xuân Hương,10.7764625,106.6875429,1.0,"the flying rice 🍚Com Niue Sai Gon, 57, Hồ Xuân Hương, Ho Chi Minh City, HC 70001, Vietnam"
"Cơm Gà, Cháo Gà, Gỏi Gà, Miến Gà Ta Tường Vy - Nguyễn Thượng Hiền, Quận 3",4.8,685,Món gà,"Ngon, ăn vừa miệng, nhân viên nhiệt tình.",154 Đường Nguyễn Thượng Hiền,10.7733949,106.6845699,1.0,"154, Nguyen Thuong Hien Street, Ho Chi Minh City, HC 72406, Vietnam"
Lẩu Cá Kèo Bà Huyện 18,4.0,2128,Nhà hàng,"Giá vừa phải, nồi lẩu nhỏ 150k cho 2 người chưa bao gồm rau và bún.",18 Bà Huyện Thanh Quan,10.776153,106.689135,1.0,"18, Bà Huyện Thanh Quan, Ho Chi Minh City, HC, Vietnam"
Nhà hàng chay và cà phê Bông Súng Vegetarian Food & Coffee,4.4,1130,Đồ chay,Đây là lần đầu mình ghé quán và đã có những ấn tượng khó quên!,4 Bà Huyện Thanh Quan,10.779156,106.685777,0.5,"4, Bà Huyện Thanh Quan, Ho Chi Minh City, HC, Vietnam"
Nhà Hàng 5 Muội,3.7,492,Nhà hàng,"Quán đẹp, được mang rượu vang vào quán.",3 Lê Quý Đôn,10.7788757,106.6934827,1.0,"3, Lê Quý Đôn, Ho Chi Minh City, HC, Vietnam"
Ốc Chị Em,4.0,484,Nhà hàng,"Các món mình gọi ăn ngon, cảm giác đồ khá tươi.",6B Công trường Quốc Tế,10.7833122,106.6956127,1.0,"Quán Cà Phê Papa, 6B, International Square, Ho Chi Minh City, HC 71006, Vietnam"
Bánh tráng nướng 61 Cao Thắng,3.9,326,Quán ăn nhỏ,"Tiệm bánh tráng nướng nổi tiếng tại Sài Gòn, mở 7h tối đến 11h khuya.",61 Cao Thắng,10.7709003,106.6811443,1.0,"61, Cao Thắng, Ho Chi Minh City, HC, Vietnam"
Cơm Gà Thượng Hải,4.3,132,Nhà hàng,"✅ Đồ chua & kim chi: Làm rất ngon, vị vừa miệng, không bị chua gắt.",21-23 Võ Văn Tần,10.7784059,106.6919778,0.7,"22, Võ Văn Tần, Ho Chi Minh City, HC, Vietnam"
Quán Hợp Lực,4.2,196,Nhà hàng,"Đồ ăn ngon nổi tiếng, nhân viên nhanh nhẹn dễ thương, như người nhà.",365 Đường Nguyễn Thượng Hiền,10.7771414,106.6820021,1.0,"365, Đường Nguyễn Thượng Hiền, Ho Chi Minh City, HC, Vietnam"
Quán Lẩu Cá Kèo Bà Huyện 2,4.0,2076,Nhà hàng,Quán sang sạch đẹp ăn ngon nhau.,10 Nguyễn Thông,10.7819016,106.6791467,1.0,"10, Nguyễn Thông, Ho Chi Minh City, HC, Vietnam"
Chè Hiển Khánh,4.4,802,Cửa hàng bán đồ tráng miệng,Menu quán có nhiều món cho khách lựa.,718 Nguyễn Đình Chiểu,10.803736,106.680788,0.5,"718, Nguyễn Đình Chiểu, Ho Chi Minh City, HC, Vietnam"
BiaCraft Lê Ngô Cát | Q.3,4.5,2559,Nhà hàng,"Quán tốt, không gian đẹp, bé nhân viên Chi rất đáng yêu….",1 Lê Ngô Cát,10.7763212,106.6855871,1.0,"BiaCraft Artisan Ales, 1, Le Ngo Cat Street, Ho Chi Minh City, HC 70001, Vietnam"
Nhà Hàng Sơn Thủy,4.3,199,Nhà hàng,"Đồ ăn ngon, quán đẹp, nhân viên nhiệt tình.",37B Phạm Ngọc Thạch,10.783582,106.694946,0.7124999999999999,"37, Phạm Ngọc Thạch, Saigon, Ho Chi Minh City, 71006, Vietnam"
Lẩu Cá Kèo Rau Đắng,4.2,1175,Món lẩu,"Quán ăn ngon, nhất là món lẩu cá kèo rau đắng, nhân viên nhiệt tình!",415 Điện Biên Phủ,10.7730832,106.679424,1.0,"415, Điện Biên Phủ, Ho Chi Minh City, HC, Vietnam"
Quán Ăn Tài 81,4.4,47,Nhà hàng,Khách đôi lúc cần nhậu có các cuộc trò chuyện riêng tư.,81 Ngô Thời Nhiệm,10.77919,106.688521,0.5,"81, Ngô Thời Nhiệm, Ho Chi Minh City, HC, Vietnam"
Nhà hàng Hải Đăng 1,3.9,239,Nhà hàng,Món ăn nấu khá ngon.,31A Nguyễn Thông,10.7815598,106.6793814,0.95,"31, Nguyễn Thông, Ho Chi Minh City, HC, Vietnam"
Sushi Tei Việt Nam,4.4,1058,Món ăn Nhật Bản chính cống,Đồ ăn thì bài trí đẹp mắt và cũng khá vừa miệng.,26 Cao Thắng,10.7694184,106.682855,1.0,"26, Cao Thắng, Ho Chi Minh City, HC, Vietnam"
MRSIMPLE STEAKHOUSE,4.6,921,Bít tết,"- Chất lượng món ăn ngon, vừa miệng, trang trí đẹp mắt.",62 Đ. Trương Quyền,10.786842,106.69216,0.405,"62, Hẻm 9 Đường Trương Quyền, Ho Chi Minh City, HC, Vietnam"
Quán nhậu Cao Thắng,3.9,180,Nhà hàng,"View quán đẹp, ngồi đâu cũng thấy thích.",5 Đường Nguyễn Sơn Hà,10.781469,106.631322,0.375,"5, Đường Nguyễn Sơn, Ho Chi Minh City, HC, Vietnam"
Mì Sủi Cảo Tân Tòng Lợi,4.0,749,Các món mì Hoa,"Nước lèo, đồ ăn đều ngon,.",311 Võ Văn Tần,10.7710236,106.6851521,1.0,"311, Võ Văn Tần, Ho Chi Minh City, HC, Vietnam"
Hanuri - Quán ăn Hàn Quốc - Sư Vạn Hạnh,4.2,2565,Món ăn Hàn Quốc,"• Tokbokki phô mai: cay vừa, sốt đậm đà, phô mai kéo sợi “đã đời”.",736 Sư Vạn Hạnh,10.7746639,106.6679771,1.0,"736, Sư Vạn Hạnh, Ho Chi Minh City, HC, Vietnam"
Ngõ Thái - Quận 10,4.8,271,Quán ăn nhỏ,"Quán chill chill dễ thương lắm, nhân viên nhiệt tình cực kỳ, đồ ăn ngon.",343/5 Đ. Tô Hiến Thành,10.774394,106.661581,0.405,"Hẻm 350 Đường Tô Hiến Thành, Ho Chi Minh City, HC, Vietnam"
Mộc Vị Quán,4.1,644,Nhà hàng,Vô ăn đồ ăn vừa nhiều vừa.,732 Sư Vạn Hạnh,10.7746774,106.667969,1.0,"732, Sư Vạn Hạnh, Ho Chi Minh City, HC, Vietnam"
Tiến Hải Quán - Bún đậu mắm tôm,4.1,652,Nhà hàng,Buổi trưa mình ghé quán ăn order 1 phần bún 2ng và bánh tráng thêm.,804 Sư Vạn Hạnh,10.774314,106.6681936,1.0,"804, Sư Vạn Hạnh, Ho Chi Minh City, HC, Vietnam"
Gimji Quán Ăn Hàn Quốc - Korean Fast Food,4.1,189,Món ăn Hàn Quốc,Thấy quán đông quá dô ăn thử cảm nhận là kim chi gất.,393 Sư Vạn Hạnh,10.775192,106.6676038,1.0,"393, Sư Vạn Hạnh, Ho Chi Minh City, HC, Vietnam"
Quán Gỗ- Hấp Nướng Lẩu,4.2,116,Món ăn Châu Á,A chủ quán dễ thương không gian chill hợp vs những bạn trẻ 😍😍😍.,781/C10 Lê Hồng Phong,10.754729,106.678955,0.5,"Lê Hồng Phong, Ho Chi Minh City, HC, Vietnam"
Ẩm Thực Quê Nhà Quận 10,4.1,988,Món ăn Việt Nam,"Quán đẹp, rộng thoáng, có đều đồ ăn thì quá đắc so với chất lượng.",05 Đ. Thành Thái,10.775866,106.664168,0.5,"05, Đường Thành Thái, Ho Chi Minh City, HC, Vietnam"
Cơm Niêu Hà Đô,4.3,153,Nhà hàng,"Đồ ăn ngon, quán trang trí đẹp, giá khá ổn, chén đũa sắp xếp gọn gàng.","chung cư, 28 Đường Số 4",10.818531,106.627144,0.5,"Đường Số 4, Ho Chi Minh City, HC, Vietnam"
MƯỜI THƯƠNG - Lẩu gà lá é Phú Yên,4.8,470,Nhà hàng,Quán ăn được. bàn ghế cao. quán hơi nhỏ nhưng có tầng trên.,113 Cao Thắng,10.773117,106.6785836,1.0,"113, Cao Thắng, Ho Chi Minh City, HC, Vietnam"
Tacos Huynh Đệ | Tacos Ngon Quận 10 | Bánh Tacos Gần Đây,5.0,17,Quán ăn nhỏ,"Quán đẹp, lm bánh chất lượng, không gian thoáng mát.",484 Nguyễn Tri Phương,10.767079,106.6671862,1.0,"484, Đường Nguyễn Tri Phương, Ho Chi Minh City, HC, Vietnam"
Quán Cơm Hạnh Thu,4.1,755,Nhà hàng,Ngoại trừ canh chua hơi ngọt nên chỉ được 9 điểm.,10 Đ. Trường Sơn,10.785797,106.666485,0.5,"10, Đường Trường Sơn, Ho Chi Minh City, HC, Vietnam"
Quán Cơm Sáu Nghĩa,4.3,182,Nhà hàng,"Có nhiều loại canh: canh cải, súp, chua, khoai tím, khổ qua.",138/28 Đ. Ngô Quyền,10.7515988,106.6668581,0.5,"28, Đường Ngô Quyền, Ho Chi Minh City, HC, Vietnam"
Cơm Tấm 229 Vĩnh Viễn,4.3,295,Nhà hàng,Em vừa ghé mua Sườn Gà mang về nhưng quán ko bỏ Sườn vào cho em.,229 Vĩnh Viễn,10.7641074,106.6694064,1.0,"229, Đường Vĩnh Viễn, Ho Chi Minh City, HC, Vietnam"
Quán Ăn Ngon,4.0,4,Nhà hàng,Chất lượng đồ ăn cũng được.,505 Sư Vạn Hạnh,10.7747918,106.6678965,1.0,"505, Sư Vạn Hạnh, Ho Chi Minh City, HC, Vietnam"
Ẩm Thực Quê Việt | Đặt tiệc Quận 10 | Nhà Hàng Quận 10 | Mì Sủi Cảo Hồng Phát,4.6,45,Nhà hàng,"Đồ ăn ngon, nhân viên nhiệt tình vui vẻ.",Đường Nguyễn Giản Thanh,10.782558,106.664004,1.0,"Nguyễn Giàn Thanh, Ho Chi Minh City, HC, Vietnam"
Cơm niêu Thiên Lý,4.6,931,Nhà hàng,"Quán làm đồ ăn rất vừa miệng, nêm nếm vị mặn ngọt vừa đủ.",87a Cửu Long,10.810134,106.666547,0.5,"87a, Cửu Long, Ho Chi Minh City, HC, Vietnam"
Lẩu Tôm Càng Xiên,4.0,854,Món lẩu,"Quán khá ổn, ngoài cổng khá nhỏ nhưng vào trong thì rộng rãi.",573 Bà Hạt,10.7651234,106.6651716,1.0,"573, Đường Bà Hạt, Ho Chi Minh City, HC, Vietnam"
Quán Cô Hoàn Bún Riêu - Ốc Hà Nội| Bún Riêu Ngon Cao Thắng| Bún Riêu Ngon Quận 10,4.7,35,Quán ăn nhỏ,Mình gọi tô bún riêu đầy đủ 60k bảo gồm thịt bò riêu đậu hũ giò tái mộc.,111 Cao Thắng,10.7727809,106.6789656,1.0,"111, Cao Thắng, Ho Chi Minh City, HC, Vietnam"
Tám Riêu - Nguyễn Tri Phương,4.9,802,Món ăn Việt Nam,"Không gian quán đẹp, sạch sẽ, nhân viên lịch sự, chu đáo, món ăn đẹp mắt.",466 Nguyễn Tri Phương,10.7670229,106.6671989,1.0,"466, Đường Nguyễn Tri Phương, Ho Chi Minh City, HC, Vietnam"
Hội An Quán,4.1,302,Món ăn Việt Nam,Đồ ăn đẹp quán đẹp rất có không khí Hội An.,285/94A Hẻm 285 Cách Mạng Tháng Tám,10.77783285,106.67989419088198,0.6333333333333334,"Tòa nhà Viettel, 285, Hẻm 283 Cách Mạng Tháng 8, Ho Chi Minh City, HC 70001, Vietnam"
Vườn ẩm thực Đông Hồ Eden,4.0,400,Nhà hàng,"Chỗ ngồi tạm đc, đồ ăn chưa ngon, sảnh vườn muỗi.",199 Cao Thắng,10.7743517,106.6774227,1.0,"199, Cao Thắng, Ho Chi Minh City, HC, Vietnam"
Quán Ốc T2,4.1,561,Đồ hải sản,"Đồ ăn ngon, nhân viền và chủ quán nhiệt tình.","392/20/58, Cao Thắng",10.793522,106.682275,0.5,"Cao Thắng, Ho Chi Minh City, HC, Vietnam"
Quán Há cảo Ngọc Lan,4.3,1026,Quán ăn nhỏ,"Quán ngon, nước chấm rất vừa miệng, giá rẻ.",500 Vĩnh Viễn,10.76196,106.660197,0.5,"500, Vĩnh Viễn, Ho Chi Minh City, HC, Vietnam"
Kỳ Hòa Quán,4.0,903,Quán ăn nhỏ,"Quán vị trí đẹp, thức ăn vừa miệng, giá bình dân.",16A Lê Hồng Phong,10.7736096,106.671824,1.0,"Nhà Hàng Đông Hồ Eden, 16A, Le Hong Phong Street, Ho Chi Minh City, HC 72406, Vietnam"
Món Ngon,4.5,2,Món ăn Châu Á,"Quán nhìn sạch sẽ, vệ sinh.",447 Sư Vạn Hạnh,10.7746526,106.6679649,1.0,"447, Sư Vạn Hạnh, Ho Chi Minh City, HC, Vietnam"
Nhà Bếp Lực Điền| Bếp Ngon Quận 10| Quán Ngon Hồ Thị Kỷ,5.0,4,Quán ăn nhỏ,"Mới ăn bún thái của quán,.",77/20 Hồ Thị Kỷ,10.767079,106.676382,0.5,"Hồ Thị Kỷ, Ho Chi Minh City, HC, Vietnam"
Nhà Hàng Hải Sản 346,4.2,202,Nhà hàng,"Nêm nếm vừa phải, thơm ngon, trình bày đẹp mắt.",183 Cao Thắng,10.7739371,106.6776458,1.0,"183, Cao Thắng, Ho Chi Minh City, HC, Vietnam"
Tiệm Ăn Vặt 10 Ngon,4.8,11,Quán ăn nhỏ,"Ngon, giá hợp lý, phù hợp cho cả ăn sáng lẫn.",55 Nguyễn Lâm,10.764662,106.663134,1.0,"55, Nguyễn Lâm, Ho Chi Minh City, HC, Vietnam"
Lẩu bò Cô Thảo,4.0,1622,Món lẩu,"Quán đông nhân viên hơi lâu nên đi vào tối hàng ngày, cuối tuần đông.",84/10 Hẻm 84 Hồ Thị Kỷ,10.766275,106.677076,0.5,"Hẻm 84 Hồ Thị Kỷ, Ho Chi Minh City, HC, Vietnam"
Hancook Korean Fast Food,4.1,1015,Món ăn Hàn Quốc,"Quán sạch đẹp, có người trông xe, đồ ăn ngon, nhân viên dễ thương.",181/2 Đ. 3 Tháng 2,10.767181,106.665937,0.5,"Đường 3 Tháng 2, Ho Chi Minh City, HC, Vietnam"
Hallyu Korean Fast Food,4.3,674,Món ăn Hàn Quốc,"Đồ ăn ngon, đi vào giờ trưa nên khá yên tĩnh và vắng khách.",125 Trần Minh Quyền,10.77044,106.674781,0.5,"125, Trần Minh Quyền, Ho Chi Minh City, HC, Vietnam"
Há Cảo Thủy,4.5,17,Quán ăn nhỏ,Chỉ 4. 500 đ/ cái.,"Chung Cư, 010 lô S, Ngô Gia Tự",10.767432,106.67424,0.5,"Ngô Gia Tự, Ho Chi Minh City, HC, Vietnam"
Cow Express - American Beefsteak,4.3,1073,Bít tết,". . . ý mình vẫn muốn góp ý để thay đổi, để tốt hơn, vì: đồ ăn ngon :P.",457 Sư Vạn Hạnh,10.7745527,106.6680318,1.0,"457, Sư Vạn Hạnh, Ho Chi Minh City, HC, Vietnam"
Cơm gà Hải Nam,4.0,2216,Nhà hàng cơm,"Quán có đậu ô tô phía trước được vài xe, không gian khá nhỏ, đồ ăn tạm.",379 Nguyễn Tri Phương,10.763136,106.6680812,1.0,"379, Đường Nguyễn Tri Phương, Ho Chi Minh City, HC, Vietnam"
Quán Anh Chị Em,4.4,618,Nhà hàng,Có hai quán gần nhau nên mọi người đi vào chú ý đúng quán nhé.,498 Hoà Hảo,10.759991,106.659935,1.0,"498, Đường Hòa Hảo, Ho Chi Minh City, HC, Vietnam"
Quán Nguyên Ký,4.2,334,Quán ăn nhỏ,"Các món lẩu, nướng, hấp đều ngon, nêm nếm vừa khẩu vị.",7a/5/2 Hẻm 7A/5 Thành Thái,10.77004,106.662015,0.5,"Hẻm 7A/5 Thành Thái, Ho Chi Minh City, HC, Vietnam"
Hancook Korean Fast Food,4.0,1360,Món ăn Hàn Quốc,"Quán ngon, menu đa dạng mà giá cũng rẻ Vợ chồng mình hay đến đây ăn.",263 Nguyễn Tri Phương,10.761959,106.6684581,1.0,"263, Đường Nguyễn Tri Phương, Ho Chi Minh City, HC, Vietnam"
Mùa Vàng The Warehouse,4.2,2265,Nhà hàng,Menu của quán làm chỉn chu và đẹp.,"Nằm trong khuôn viên siêu thị Big C, 268 Đ. Tô Hiến Thành",10.7788248,106.6652644,0.9,"We Escape, 268, Hẻm 266 Tô Hiến Thành, Ho Chi Minh City, HC 72000, Vietnam"
Nhà Hàng Chay Sân Mây,4.1,909,Đồ chay,"Quán đẹp, đồ ăn tạm ổn, giá khá cao.",771 Lê Hồng Phong,10.7722136,106.6722776,1.0,"771, Đường Lê Hồng Phong, Ho Chi Minh City, HC, Vietnam"
Beefsteak Củ Hành Tây,4.3,619,Nhà hàng,"Lần đầu đến quán ăn, quán để lại cho tui ấn tượng tốt lắm luôn á.",391/6 Sư Vạn Hạnh,10.776174,106.666937,0.5,"Sư Vạn Hạnh, Ho Chi Minh City, HC, Vietnam"
Vee Ayy Food,4.1,623,Nhà hàng,"Quán decor khá xinh hợp lý để ăn nhóm,.",6 Hoàng Dư Khương,10.777184,106.672455,0.5,"6, Hoàng Dư Khương, Ho Chi Minh City, HC, Vietnam"
Quán Núi,4.1,146,Nhà hàng,Quán ngon kiểu gia đình dân địa phương mới biết.,449/39 Sư Vạn Hạnh,10.771877,106.669581,0.5,"39, Sư Vạn Hạnh, Ho Chi Minh City, HC, Vietnam"
Nhà hàng chim rừng | Nhà hàng ngon quận 10,4.3,23,Nhà hàng,Quán được thiết kế rất đẹp và tinh tế.,14 Nguyễn Chí Thanh,10.761144,106.6742486,1.0,"Bếp Chay Nhân Duyên, 14, Đường Nguyễn Chí Thanh, Ho Chi Minh City, HC 72712, Vietnam"
Quán Ốc 379 Vĩnh Viễn,4.1,400,Đồ hải sản,"Cơm chiên khá vừa miệng, hàu tươi ngon nướng phô mai vừa.",379 Vĩnh Viễn,10.763108,106.665183,1.0,"379, Đường Vĩnh Viễn, Ho Chi Minh City, HC 700000, Vietnam"
Nhà hàng chay Vajra,4.2,908,Đồ chay,"Quán ăn chay trên lầu 1. Không gian ổn, món ăn ngon giá cũng vừa tầm.",711 Lê Hồng Phong,10.7710984,106.6727489,1.0,"Nhà Hàng Chay Vajra, 711, Le Hong Phong Street, Ho Chi Minh City, HC 72712, Vietnam"
Bún đậu mắm tôm Tiến Hải,4.1,2779,Quán ăn nhỏ,"Bún đậu ngon, nhân viên nhiệt tình dễ thương, quán sạch sẽ.",409 Nguyễn Tri Phương,10.7647573,106.6678333,1.0,"409, Đường Nguyễn Tri Phương, Ho Chi Minh City, HC, Vietnam"
Quán Ăn A Dũng,4.1,30,Nhà hàng,"Là khách của quán từ 20 năm trước, ghé lại quán hôm nay thật xúc động.",196 Vĩnh Viễn,10.7642869,106.6701933,1.0,"196, Đường Vĩnh Viễn, Ho Chi Minh City, HC, Vietnam"
Quán 79 Nem Nướng,4.2,623,Quán ăn nhỏ,"Đồ ăn thì khỏi nói, nước chấm đậm đà, nem nướng - thịt nướng thơm ngon.",626 Bà Hạt,10.7649298,106.664353,1.0,"626, Đường Bà Hạt, Ho Chi Minh City, HC, Vietnam"
Quán Cơm Từ Thiện 2000 Đồng,4.8,156,Nhà hàng,"Rau thì cô nói mình phải rửa 3 lần, rửa nhẹ nhàng để tránh rau bị dập.",14/1 Đ. Ngô Quyền,10.7594123,106.6654752,0.5,"1, Đường Ngô Quyền, Ho Chi Minh City, HC, Vietnam"
Phá Lấu Bò,4.5,134,Quán ăn nhỏ,"Bánh mì 3k, một chén phá lấu 30k là đủ cho một buổi tối ngon lành.",533 Bà Hạt,10.7652045,106.6655172,1.0,"533, Đường Bà Hạt, Ho Chi Minh City, HC, Vietnam"
Bánh Khọt Vũng Tàu Khanh,4.0,514,Nhà hàng,"Quán bình dân, bánh khọt kẹp mực kẹp tôm, ăn nhiều rau, chấm nước mắm.",7 Đ. Đồng Nai,10.839877,106.706068,0.25,"Ho Chi Minh City, HC, Vietnam"
Sỏi Thái in Saigon,4.9,10279,Món ăn Thái Lan,"Menu đa dạng, quán đẹp thoáng mát, đồ ăn ngon.",670 - 674 Điện Biên Phủ,10.7698729,106.6760519,1.0,"670, Điện Biên Phủ, Ho Chi Minh City, HC, Vietnam"
OK 3 CON DÊ,4.0,1349,Nhà hàng,"Dê tươi ngon, nước chấm nên cải thiện mắm tôm ko ngon, giá tạm ổn.",594 Đ. 3 Tháng 2,10.766341,106.663038,1.0,"594, Đường 3 Tháng 2, Ho Chi Minh City, HC 72415, Vietnam"
Ốc NHỮNG NGƯỜI BẠN,4.1,197,Món ăn Việt Nam,Thức ăn ngon quán trong hẻm nên không gian không rộng rãi.,7A/83 Thành Thái,10.7681327,106.667087,0.95,"Du Lịch Saigon Tour, 7B, Thành Thái, Ho Chi Minh City, 72712, Vietnam"
MelyFood Sư Vạn Hạnh - Cơm Niêu MeLy,4.1,197,Món ăn nhanh,Đồ ăn ngon khẩu vị vừa miệng - staff nhiệt tình - quản lý chiều khách.,694 Sư Vạn Hạnh,10.7711826,106.6700525,1.0,"Nhà Hàng Cơm Nhiều Singapore, 694, Su Van Hanh, Ho Chi Minh City, 72712, Vietnam"
Bánh canh cua Phong - 156 Bà Hạt,4.7,146,Quán ăn nhỏ,- Chất lượng: Chất lượng món ăn tại quán khá ấn tượng.,156 Bà Hạt,10.7665887,106.6714194,1.0,"156, Đường Bà Hạt, Ho Chi Minh City, HC, Vietnam"
Quán Chay Diệu Lan Quận 10,4.2,66,Đồ chay,"Các món chay mình thấy nêm nếm rất vừa ăn, giá rẻ, nhiều nữa, ăn bao no.",11A Hoà Hưng,10.778129,106.671473,0.5,"11a, Hòa Hưng, Ho Chi Minh City, HC, Vietnam"
Quán Lẩu Cá,4.4,45,Nhà hàng,"Quán không bán bia nên không nhậu, chỉ có nước ngot.",314 Hoà Hưng,10.7780106,106.6711503,1.0,"314, Hòa Hưng, Ho Chi Minh City, HC, Vietnam"
Quán ăn vặt 702 Lê Hồng Phong,3.6,123,Quán ăn nhẹ,"Quán theo dạng gia đình, luôn đông khách, order và lên món khá lâu.",702 Lê Hồng Phong,10.7708366,106.673068,1.0,"702, Đường Lê Hồng Phong, Ho Chi Minh City, HC, Vietnam"
Bánh mì bò nướng bơ Campuchia,4.1,207,Quán ăn nhỏ,"Bánh mì ngon, xiên nướng bò hay heo gì cũng đều vừa ăn.",841a Lê Hồng Phong,10.7730097,106.6718938,0.95,"841, Đường Lê Hồng Phong, Ho Chi Minh City, HC, Vietnam"
Quán Sáu Dũng,4.2,43,Nhà hàng,"Quán ăn gia đình vỉa hè, ăn vừa miệng, chuyên món.",490/3 Nguyễn Tri Phương,10.75274,106.669409,0.5,"Nguyễn Tri Phương, Ho Chi Minh City, HC, Vietnam"
Ốc Cẩm,4.1,584,Nhà hàng,"Các món phô mai, trứng muối của quán khá ổn.",162 Trần Nhân Tôn,10.762866,106.674723,0.5,"162, Trần Nhân Tôn, Ho Chi Minh City, HC, Vietnam"
JiangHu Heroes’ Hotpot - Sư Vạn Hạnh,4.1,207,Nhà hàng,Nước lẩu chưa bằng các quán lẩu lâu đời nhưng chấp nhận được.,770c Sư Vạn Hạnh,10.7744516,106.6681081,0.95,"770, Sư Vạn Hạnh, Ho Chi Minh City, HC, Vietnam"
Haru Sushi Quận 10,4.5,776,Sushi,Quán.,410 Nguyễn Tri Phương,10.7647759,106.6678293,1.0,"410, Đường Nguyễn Tri Phương, Ho Chi Minh City, HC, Vietnam"
Texas Chicken Sư Vạn Hạnh,4.0,1448,Món ăn nhanh,"Gà tươi, khoai chiên thơm, nước được refill thoải mái.",463 Sư Vạn Hạnh,10.7744928,106.6680719,1.0,"463, Sư Vạn Hạnh, Ho Chi Minh City, HC, Vietnam"
CƠM TẤM SƯỜN QUE| CƠM TẤM NGON QUẬN 10,2.8,20,Quán ăn nhỏ,"Điểm trừ là không gian quán hơi nhỏ, chưa thoáng mát lắm.",547 Sư Vạn Hạnh,10.7757891,106.6672199,1.0,"547, Sư Vạn Hạnh, Ho Chi Minh City, HC, Vietnam"
Aka House Vạn Hạnh Mall,4.2,1066,Món ăn Nhật Bản,"Quán ăn rất ngon đậm đà vừa miệng, nhân viên nhiệt tình đáng để thử.",11 Sư Vạn Hạnh,10.7709075,106.6695521,1.0,"Skechers, 11, Su Van Hanh, Ho Chi Minh City, HC 72712, Vietnam"
Quan an sang,5.0,2,Quán ăn nhỏ,,"270/14, 14 Hoà Hảo",10.760255,106.661159,0.5,"Hòa Hảo, Ho Chi Minh City, HC, Vietnam"
Bún Quậy KIẾN - XÂY Quận 10,4.1,939,Nhà hàng,"Quán khá rộng, decor đẹp thoáng mát.",402 Điện Biên Phủ,10.7732142,106.6795802,1.0,"402, Điện Biên Phủ, Ho Chi Minh City, HC, Vietnam"
Quán Ốc 009,4.3,33,Nhà hàng,,009 lô X,10.763963,106.673636,0.5,"Lô X, 009, Lô X, Ho Chi Minh City, HC 72712, Vietnam"
Bún Riêu Bà Dú | Bún Riêu Cua Nguyễn Tri Phương | Quán Ăn Ngon Nguyễn Tri Phương Quận 10,3.2,42,Nhà hàng,"Quán sạch sẽ gia vị thêm cũng để ngăn nắp vệ sinh, đũa để trong bao giấy.",268 Nguyễn Tri Phương,10.7620566,106.6684362,1.0,"268, Đường Nguyễn Tri Phương, Ho Chi Minh City, HC, Vietnam"
Chay Bình An,4.2,475,Món chay,"Quán chay quận 10, chay ngon, nhân viên nhiệt tình vui vẻ.",49 Đ. Ngô Quyền,10.7613003,106.6651071,1.0,"49, Đường Ngô Quyền, Ho Chi Minh City, HC, Vietnam"
Cơm chay Thanh Ái,4.3,257,Đồ chay,"Quán bình dân, khi mình ăn là 30k, vừa miệng.",264 Bà Hạt,10.7661621,106.6696483,1.0,"264, Bà Hạt, Ho Chi Minh City, HC, Vietnam"
Phở Xưa,4.2,29,Bữa sáng,Mình cảnh báo các bạn nếu đến quán ăn 1 lần sẽ nghiện đấy nhé :).,208 Hoà Hưng,10.7788386,106.6729935,1.0,"208, Hoa Hung Street, Ho Chi Minh City, HC 70150, Vietnam"
Nhà hàng Hoàng Tâm - Phan Xích Long,4.5,1452,Nhà hàng,"Món ăn ngon, vừa miệng, decor đẹp mắt.",352 Phan Xích Long,10.7991259,106.6866523,0.75,"352, Phan Xích Long, Ho Chi Minh City, 72210, Vietnam"
Ngon Hè Quán,4.3,239,Nhà hàng,Quán chuyên bán các món ăn miền Trung nằm trong hẻm đường Phan Xích Long.,257/6D Phan Xích Long,10.798084289455357,106.68864616868667,0.5,"Phan Xích Long, Gia Dinh, Ho Chi Minh City, 72210, Vietnam"
Tiệm Ăn Cơm Tấm Sài Gòn ( Chi Nhánh Phú Nhuận),4.9,48,Nhà hàng cơm,Ăn xong uống nước qua spa làm đẹp luôn vì cùng căn nhà.,18 Hoa Mai,10.797405,106.68711,0.5,"18, Hoa Mai, Ho Chi Minh City, HC, Vietnam"
Quán Ăn Năm Gia,4.6,43,Dành cho gia đình,"Mình gọi tô gà chặt giá 65k, nếu ăn đùi góc tư là 95k.",313 Phan Xích Long,10.7985798,106.6879576,0.75,"313, Phan Xích Long, Ho Chi Minh City, 72210, Vietnam"
San Fu Lou Restaurant Phan Xích Long,4.5,3557,Món ăn Quảng Đông,"Đồ ăn ngon, nhân viên nhiệt tình, quán ăn có view đẹp.","195-197, Phan Xích Long Cầu Kiệu",10.7985189,106.6874636,0.54,"Nhà Hàng Quảng Đông San Fu Lou, 195-197, Phan Xích Long, Gia Dinh, Ho Chi Minh City, 72210, Vietnam"
Tám Riêu - Phan Xích Long,4.8,1835,Nhà hàng,"Quán ngon, không gian đẹp, nhân viên nhiệt tình dễ thương, ân cần chu đáo.",235 Phan Xích Long,10.7978455,106.6896443,0.75,"235, Phan Xích Long, Gia Dinh, Ho Chi Minh City, 72210, Vietnam"
Cơm Quê Mười Khó 2,4.0,684,Món ăn Việt Nam,"Quán ăn các món cũng được, vị ăn được, ko.",8 Đ. Nguyễn Văn Trỗi,10.79834,106.670795,0.5,"8, Đường Nguyễn Văn Trỗi, Ho Chi Minh City, HC, Vietnam"
"Quán Ốc Quỳnh 106A Phùng Văn Cung, F7, Q.Phú Nhuận",4.2,556,Quán ăn nhẹ,Ốc giác xào mì nghĩ sao bán 80k/dĩa lèo tèo đươc vài miếng ốc.,106 Đ. Phùng Văn Cung,10.804511,106.683041,0.5,"106, Đường Phùng Văn Cung, Ho Chi Minh City, HC, Vietnam"
Quán Ốc Luộc,4.0,437,Đồ hải sản,"Nước chấm thì ngon, nước mắm ngọt ngọt đúng gu của mình.",533/59 Đ. Huỳnh Văn Bánh,10.790659,106.668909,0.405,"Hẻm 491 Đường Huỳnh Văn Bánh, Ho Chi Minh City, HC, Vietnam"
Nhà Hàng Ngõ 8,4.1,1180,Nhà hàng,Lẩu cua đồng là đặc trung của quán nên cần bàn nữa rồi.,8 Cù Lao,10.797009,106.68714,0.5,"8, Cù Lao, Ho Chi Minh City, HC, Vietnam"
Chang Kang Kung Phan Đăng Lưu,4.4,1297,Đồ hải sản,"Đồ ăn ngon, bác bảo vệ và anh chị nhân viên rất nhiệt tình, thân thiện.",128C Phan Đăng Lưu,10.8024499,106.6834274,0.95,"VIBbank, 128B, Phan Đăng Lưu, Ho Chi Minh City, HC 72317, Vietnam"
GALBI HOUSE PHAN XÍCH LONG,4.5,1430,Món thịt nướng Triều Tiên,"Chất lượng tạm được, menu chưa phong phú tuy nhiên vừa có cả lẩu và nướng.",215 Phan Xích Long,10.7974626,106.6900114,1.0,"215, Phan Xích Long, Gia Dinh, Ho Chi Minh City, HC 72200, Vietnam"
Haru Sushi Phú Nhuận,4.4,1705,Sushi,"Quán mới đẹp, bàn xếp hơi sát nhau khó đi ra đi vào.",211 - 213 Phan Xích Long,10.7975977,106.6901977,1.0,"211, Phan Xích Long, Gia Dinh, Ho Chi Minh City, HC 72200, Vietnam"
Phở CÔ HOA,4.3,187,Phở,"Quán phở ngon, không bỏ bột ngọt nhiều nên phù hợp với khẩu vị.",27 Đ. Lam Sơn,10.806245992489922,106.68870082831626,0.5,"27, Lam Sơn, Gia Dinh, Ho Chi Minh City, 72317, Vietnam"
Bánh Bèo Cô Mai Phú Yên,4.3,567,Quán ăn nhỏ,"Ngoài ra ở quán còn có thêm chè dưỡng nhan, đậu hủ tươi để tráng miệng.",54 Hoa Sứ,10.799029,106.688899,0.5,"54, Hoa Sứ, Ho Chi Minh City, HC, Vietnam"
Quán Hải Sản 567 | Quán Hải Sản Ngon Quận Phú Nhuận|.,4.4,83,Đồ hải sản,Quán bình dân nhưng chất lượng hải sản không chê vào đâu được.,21 Đ. Hoa Cúc,10.799478,106.687248,0.5,"21, Đường Hoa Cúc, Ho Chi Minh City, HC, Vietnam"
RÊU Green Kitchen,4.7,445,Món chay,"Quán thiết kế đẹp, không gian thoáng, vừa ăn vừa tịnh tâm.",100 Đ. Trần Huy Liệu,10.796872,106.678017,0.405,"100, Hẻm 120 Đường Trần Huy Liệu, Ho Chi Minh City, HC, Vietnam"
Quán Cua Hoa,4.3,494,Đồ hải sản,Quán ngon nhưng không có ở địa chỉ này.,1 Huỳnh Lan Khanh,10.804799,106.664448,0.5,"1, Huỳnh Lan Khanh, Ho Chi Minh City, HC, Vietnam"
Nhà hàng Ăn Được Phúc - 179 Phan Xích Long,4.0,338,Nhà hàng,Menu: đồ ăn không đa dạng bù lại chất lượng đồ ăn mình đánh giá tốt.,179 Phan Xích Long,10.7983817,106.6879824,0.75,"179, Phan Xích Long, Ho Chi Minh City, 72210, Vietnam"
"309 ĐỒNG HƯƠNG QUÁN QUÁN NHẬU NGON RẺ TÂN BÌNH, QUÁN ĂN GIA ĐÌNH NGON ĐEN TÂN BÌNH, NƯỚNG LẨU,",4.4,52,Thịt nướng,"Đồ ăn ngon, đậu hủ mỡ hành rất chuẩn vị, a chủ quán dễ thương.",309 Đ. Hồng Lạc,10.784656,106.650733,0.405,"309, Hẻm 1 Đường Hồng Lạc, Ho Chi Minh City, HC, Vietnam"
BÚN THỊT NƯỚNG HẢI ĐĂNG- CHẤN HƯNG,4.1,370,Quán ăn nhỏ,Rau xà lách và rau thơm để riêng nên rất ưng nè. quán gửi xe bên đường.,149 Chấn Hưng,10.785427,106.662596,0.5,"149, Chấn Hưng, Ho Chi Minh City, HC, Vietnam"
Quán Ngon Cơm Bắc,4.3,70,Nhà hàng,"(Đặc biệt, vừa ăn vừa được trải nghiệm đặc sản ""bắc'' ngay tại quán =)).",50 Đường A4,10.801182,106.649604,0.5,"50, Đường A4, Ho Chi Minh City, HC, Vietnam"
Ẩm Thực Quê Nhà Quận Tân Bình,4.1,1964,Món ăn Việt Nam,"Quán có không gian rộng rãi, trang trí đẹp, có chỗ để xe.",52A Đ. Nguyễn Thái Bình,10.7673134,106.6975209,0.5,"188, Nguyen Thai Binh Street, Ho Chi Minh City, HC 71010, Vietnam"
Giang Ghẹ Tân Bình,4.7,6992,Nhà hàng,Quán rộng rãi thoáng mát nên cảm giác không bị ồn khi ăn uống nói chuyện.,680 Đ. Trường Chinh,10.824163,106.629005,0.5,"680, Đường Trường Chinh, Ho Chi Minh City, HC, Vietnam"
Quán ăn Thiên Ân,4.1,921,Quán ăn nhỏ,"Giá ok. nhưng đồ ăn ko ngon, kêu mì xào lạnh như bỏ trong tủ lạnh đêm ra,.",144 Bành Văn Trân,10.788336,106.657796,0.5,"144, Bành Văn Trân, Ho Chi Minh City, HC, Vietnam"
Nhà Hàng Dìn Ký Cộng Hoà,4.4,878,Nhà hàng,Quán ăn ngon đáng để gia đình mình sẽ quay lại nè nhân viên tận tình.,142/18 Cộng Hòa,10.8008264,106.6590044,0.5,"18, Cộng Hòa, Ho Chi Minh City, HC, Vietnam"
Quán Chị Dậu - CN Tân Bình,4.1,1108,Nhà hàng,"Mọi người nên ghé ăn sáng, uống cà phê tán dóc đến trưa vào nhậu là vừa.",328A Nguyễn Trọng Tuyển,10.79888785,106.66465095494311,0.95,"Portcoast, 328, Nguyen Trong Tuyen, Ho Chi Minh City, 72215, Vietnam"
Bún thịt nướng Hoàng Văn,4.4,479,Quán mì,"Quán ngon, toping nhiều, sach sẽ, nuoc mấm ngon,.",137 Chấn Hưng,10.7855677,106.6628152,1.0,"137, Chấn Hưng, Ho Chi Minh City, 72117, Vietnam"
Papaxốt Đồng Đen,4.1,345,Món ăn nhanh,Quán sạch sẽ thoáng mát- Thức ăn ngon khẩu phần vừa đủ.,106-108-110 Đồng Đen,10.786606,106.643446,0.5,"Đồng Đen, Ho Chi Minh City, HC, Vietnam"
Nhà hàng Quá Ngon,4.5,2658,Món ăn Việt Nam,Ăn ngon OK ạ nha.,306 308 Đ. Lê Văn Sỹ,10.798729,106.662281,1.0,"306, Đường Lê Văn Sỹ, Ho Chi Minh City, HC, Vietnam"
Kimbap Hoàng Tử - Bùi Thị Xuân,4.3,690,Món ăn Hàn Quốc,"Đồ ăn ngon, nhân viên nhiệt tình, quán ăn thoáng mát.",229/39 Bùi Thị Xuân,10.7715864,106.6901012,0.5,"39, Bùi Thị Xuân, Ho Chi Minh City, HC, Vietnam"
Nhà Hàng Quán Ăn Gia Đình Ngon - Quán Ăn Bắc Gần Sân Bay - Ngon rẻ Tphcm,4.1,114,Nhà hàng,"Ngon, hợp khẩu vị, nhân viên nhiệt tình, thoáng mát.",234 Cộng Hòa,10.801954,106.6478092,1.0,"234, Đường Cộng Hòa, Ho Chi Minh City, HC, Vietnam"
Hàn quốc quán,4.7,1719,Món ăn Hàn Quốc,"Quán ngon đồ ăn vừa vị, bố tui.",18 Hoàng Việt,10.797781,106.658749,0.9,"18, Hoàng Quốc Việt, Ho Chi Minh City, HC, Vietnam"
Lẩu tôm càng xiên Tân Bình,4.0,171,Món lẩu,Đây là một quán ăn siêu tươi ngon mà quá xá rẻ.,220 Đ. Nguyễn Hồng Đào,10.828072,106.690319,0.25,"Ho Chi Minh City, HC, Vietnam"
Cháo sườn Ông Tạ,3.9,265,Quán ăn nhỏ,"Cháo sườn tại quán khá ngon, cháo mềm, sườn vừa miệng, gia vị vừa đủ.",302 Phạm Văn Hai,10.795966,106.664182,0.5,"302, Phạm Văn Hai, Ho Chi Minh City, HC, Vietnam"
iSushi Trường Sơn Tân Bình,4.4,628,Món ăn Nhật Bản,"Nói chung là chất lượng ổn, đôi khi quán bị thiếu nhân viên nên hơi chậm.",18 Trường Sơn,10.8114737,106.6648665,1.0,"18, Trường Sơn, Ho Chi Minh City, HC, Vietnam"
Đặc Khu Ăn Nhậu,4.2,333,Nhà hàng,"- Quán có món ếch núp lùm khá ngon, đề xuất nên gọi.",1L Bình Giã,10.801818,106.645051,0.5,"1l, Bình Giã, Ho Chi Minh City, HC, Vietnam"
Nhà Hàng Hương Cau 2,4.0,1585,Nhà hàng,"Còn rang trứng muối vị vừa ăn ko cần chấm, thơm và béo béo.",86 Tân Canh,10.796737,106.667418,0.5,"86, Tân Canh, Ho Chi Minh City, HC, Vietnam"
Quán Ăn Hàn Quốc,4.3,54,Món ăn Hàn Quốc,Mì lạnh: nước dùng vừa vị thanh mát nhưng luộc còn dai quá cắn k đứt.,11 Hậu Giang,10.80785,106.663575,0.75,"11, Hau Giang, Ho Chi Minh City, 72106, Vietnam"
Hẻm Fast Food,4.6,2423,Nhà hàng,"Mình gọi 3 món Mỳ kem rose, canh kim chi, salad sứa tổng hết 230k.",187 Đ. Bàu Cát,10.787803,106.643865,0.45,"187, Đường Bàu Cát 8, Ho Chi Minh City, HC, Vietnam"
ỐC NHỚ SÀI GÒN TÂN PHÚ,4.3,671,Đồ hải sản,"Các món xào bắp, sốt trứng muối, phô mai rất ngon, chấm bánh mì cuốn lắm.",136 Trịnh Đình Trọng,10.7748467,106.6440028,1.0,"136, Đường Trịnh Đình Trọng, Ho Chi Minh City, HC 72031, Vietnam"
Quán Món Ngon,5.0,1,Nhà hàng,,1A Lê Bình,10.793615,106.656956,0.5,"1a, Lê Bình, Ho Chi Minh City, HC, Vietnam"
QUÁN TRÂU ĐỒNG QUÊ,4.3,500,Dành cho gia đình,"Quán ăn ngon, phụ vụ nhiệt tình, rất đáng để trải nghiệm.",11/40 Nguyễn Đức Thuận,10.8048227,106.64125171295638,0.95,"Leontina Apartment, 11/25, Nguyễn Đức Thuận, Ho Chi Minh City, 70500, Vietnam"
Phá lấu RUBi,4.0,602,Nhà hàng,"Giá vừa phải, phá lấu ngon mền, nước chấm vừa miệng.",230 Đ. Nguyễn Hồng Đào,10.7617904,106.663422,0.25,"Ho Chi Minh City, HC, Vietnam"
Quán Ăn Diễm Mập,4.2,100,Nhà hàng,"Đồ ăn bình thường, nhân viên ổn, giá cả hơi cao so với chất lượng món ăn.",33 Thép Mới,10.796632,106.648202,0.5,"33, Đường Thép Mới, Ho Chi Minh City, HC, Vietnam"
Quán Ăn Gia Đình Sài Gòn,4.0,23,Nhà hàng,Recommend lẩu vịt tiềm nấu tiêu xanh.,544 Đ. Lý Thường Kiệt,10.755558607615674,106.66234595470743,0.5,"544, Đường Lý Thường Kiệt, Cholon, Ho Chi Minh City, 72415, Vietnam"
"Nhân Phát Premium - 257 Trương Vĩnh Ký, P.Tân Thành, Q.Tân Phú",4.7,2685,Nhà hàng,"Món ngon, nhân viên nhiệt tình, quán đẹp, rộng rãi.",257 Trương Vĩnh Ký,10.793822,106.633555,0.5,"257, Trương Vĩnh Ký, Ho Chi Minh City, HC, Vietnam"
Nhà hàng BIG PIG,4.3,749,Nhà hàng,"Đồ Âu, BBQ ngon vừa miệng nấu theo kiểu VN hơn là vị nhạt kiểu Âu.",46 Trường Sơn,10.80996745,106.66512419150496,1.0,"Big Pig BBQ & Beer- Truong Son, 46, Trường Sơn, Ho Chi Minh City, 72215, Vietnam"
Nhà Hàng Hòn Đất - Quận Tân Phú,4.0,923,Nhà hàng,"Đồ ăn ngon nha, gỏi bò khoai môn ngon, không gian đẹp, có phòng riêng.",140,10.7763897,106.7011391,0.8846153846153846,"Ho Chi Minh City, Vietnam"
Cửa Hàng Mỳ Cay Larva,4.0,1112,Món ăn Hàn Quốc,Quán ngon rẻ giá thành phù hợp cho mọi người view quán cũng ổn áp.,460 Đ. Lê Văn Sỹ,10.799366,106.661449,0.5,"460, Đường Lê Văn Sỹ, Ho Chi Minh City, HC, Vietnam"
Hội An Quán,4.1,216,Món ăn Việt Nam,"Đồ ăn cũng bình thường, quán decor đẹp.","308/26 Hoàng Văn Thụ, 1/5 Đ. Út Tịch",10.76912075,106.7027598636696,0.495,"1/5, Pasteur Street, Saigon, Ho Chi Minh City, HC 71010, Vietnam"
Mì Quảng Sâm,4.2,1952,Quán mì,"Món ăn tạm được, quán thoáng mát, nhân viên nhiệt tình.",16 Ca Văn Thỉnh,10.789294,106.644691,0.5,"16, Ca Văn Thỉnh, Ho Chi Minh City, HC, Vietnam"
Nhà Hàng Biển Đông 3,4.2,190,Nhà hàng giá rẻ,Ăn uống rẽ quán sạch nhân viên nhiệt tình.,527 Đ. Âu Cơ,10.781208,106.6432947,1.0,"527, Đường Âu Cơ, Ho Chi Minh City, HC 72000, Vietnam"
4K STATION - Trạm dừng tuổi trẻ,4.2,1447,Nhà hàng,"Quán ăn ngon, lên món nhanh, nhân viên nhiệt tình.",437 Đ. Hoàng Văn Thụ,10.800554,106.663623,0.5,"437, Đường Hoàng Văn Thụ, Ho Chi Minh City, HC, Vietnam"
Quán Nướng Bia Lu,4.2,358,Nhà hàng,"Quán món ngon, giá rẻ, chất lượng, vệ sinh, view đẹp thoáng mát.",20 Đ. Trần Quốc Hoàn,10.846972,106.701893,0.25,"Ho Chi Minh City, HC, Vietnam"
Quán Hằng Tân Bình | Chuyên các món cá Miền Trung | Các món đặc sản Miền Trung,4.1,33,Nhà hàng,"Đã ăn ở quán ròi,.",6c Thái Thị Nhạn,10.78447,106.643534,0.5,"6c, Thái Thị Nhạn, Ho Chi Minh City, HC, Vietnam"
Nhà Hàng Ẩm Thực 316 - Địa điểm quán ngon Tân Phú,3.9,546,Nhà hàng,Quán ăn hải sản có thêm những món như gà hoặc bò.,316 Tân Sơn Nhì,10.798511,106.631736,0.5,"316, Tân Sơn Nhì, Ho Chi Minh City, HC, Vietnam"
Đậu Homemade - Bún đậu mắm tôm,4.0,2196,Món ăn Việt Nam,Mang tiếng là đi ăn bún đậu nhưng Lu đã lỡ gọi cũng kha khá món.,6 Hồng Hà,10.8133395,106.6671785,1.0,"6, Hồng Hà, Ho Chi Minh City, HC, Vietnam"
Tiệm Bia Bọt - Quán Rooftop Tân Bình,4.7,307,Quán bia sân vườn,"Bia ngon, rooftop, view đẹp và thoáng, ngắm được máy bay bay ^^.",8/28 Nguyễn Đình Khơi,10.794883,106.657383,0.5,"Nguyễn Đình Khơi, Ho Chi Minh City, HC, Vietnam"
Súp Cua Út Tuyền| Súp Cua Ngon Gần Đây| Súp Cua Tân Bình,4.3,633,Quán ăn nhỏ,"Hồ lô nướng, bánh tráng nướng, cút lộn xào me cũng vừa miệng.",162 Nguyễn Thị Nhỏ,10.7739112,106.6530542,1.0,"162, Nguyễn Thị Nhỏ, Ho Chi Minh City, HC, Vietnam"
Quán Ăn Long Ký,4.1,619,Nhà hàng,"Món ăn chế biến kiểu người hoa rất ngon, thích nhất sườn chua ngọt ở đây.",124 Đ. Số 1,10.7485583,106.7065251,1.0,"124, Road No. 1, Ho Chi Minh City, HC 72911, Vietnam"
Thai House Restaurant,4.1,818,Món ăn Thái Lan,"Mình gọi 8 món bao gồm nước uống 1, 12 triệu.",47 Hậu Giang,10.8079991,106.6620656,0.75,"47, Hau Giang, Ho Chi Minh City, 72106, Vietnam"
Bún mắm nêm Đà Nẵng quán 168,4.4,338,Quán ăn nhỏ,"- Điểm trừ là quán hơi nhỏ, chưa được sạch sẽ lắm, nhân viên nhà làm.",168 Bàu Cát 1,10.794047,106.643462,0.5,"168, Bàu Cát 1, Ho Chi Minh City, HC, Vietnam"
quán nhậu 1976,3.9,25,Quán bia,"Đồ ăn ngon lắm bay có bia hơi hanoi nữa đúng bài lun, bài j hẻm bit hoy.",Lô B Khu Bàu Cát 2 Đường Số 1,10.7898232,106.7764953,0.7290000000000001,"số 1, Đường số 63, Khu phố 18, Ho Chi Minh City, 08408, Vietnam"
Yuhua - Taiwanese Hotpot Paradise ( Hoàng Hoa Thám ),4.4,1428,Món lẩu,"Nhân viên quá là nhiệt tình, 10điểmmmmmm, đồ ăn ngon chất lượng.",63B Hoàng Hoa Thám,10.802931,106.647565,0.5,"63b, Hoàng Hoa Thám, Ho Chi Minh City, HC, Vietnam"
1357 SÌ PHỐ | QUÁN NHẬU NGON TÂN BÌNH,5.0,2,Quán ăn nhỏ,,1357 Hoàng Sa,10.786268,106.682279,0.5,"1357, Hoàng Sa, Ho Chi Minh City, HC, Vietnam"
Nhà hàng Hoa Viên Pilser Original,4.1,1664,Nhà hàng,Hoa Viên nổi tiếng với món bia đen thơm ngon đúng chất lượng.,16 Đ. Phổ Quang,10.806277,106.668693,0.405,"16, Hẻm 66 Đường Phổ Quang, Ho Chi Minh City, HC, Vietnam"
Nhà Hàng Cơm Niêu Trường Sơn,3.9,205,Nhà hàng,"Quán ăn ngon, phục vụ thân thiện, chú bảo vệ rất dễ thương và lịch sự.",7 Trường Sơn,10.776665,106.703156,0.81,"7, Công trường Lam Sơn, Ho Chi Minh City, HC 71006, Vietnam"
Nem Nướng Nha Trang BÉ THẢO,3.5,867,Quán ăn nhỏ,"Nem nướng ngon, nước chấm vừa vị, rau tươi được cho rất nhiều.",Hoàng Sa,10.791464117944694,106.66209003825465,1.0,"Hoàng Sa, Ho Chi Minh City, 72117, Vietnam"
Nhà hàng lẩu băng chuyền & buffet dimsum Xie Xìe,4.5,1810,Món ăn Thượng Hải,. . . chung quán lẩu thuộc phân khúc trung bình có vừa đủ các món ăn.,504 Cộng Hòa,10.8025345,106.6395717,1.0,"504, Đường Cộng Hòa, Ho Chi Minh City, HC, Vietnam"
Nhà hàng chay Diệu Cát Tường | Nhà hàng chay quận Tân Bình,4.8,50,Đồ chay,"Hương vị đồ ăn vừa thanh đạm, ngon miệng, lại vừa trang trí đẹp mắt.",46 Huỳnh Lan Khanh,10.8044606,106.6680753,1.0,"Ẩm Thực Chay Diệu Cát Tường, 46, Huynh Lan Khanh, Ho Chi Minh City, HC 72215, Vietnam"
Chillthai - thaifood,4.9,2623,Món ăn Thái Lan,"Quán Thái ngon, các món.",41 Hồng Hà,10.812961,106.672035,0.5,"41, Hồng Hà, Ho Chi Minh City, HC, Vietnam"
D'Maris Cộng Hòa,4.4,2829,Món ăn tự chọn,"Các món phở, bún, đồ chiên, nước súp, salad ko ăn nên ko đánh giá.","Tòa nhà PICO PLAZA, 20 Cộng Hòa",10.8008163,106.6591228,0.9,"20, Cộng Hòa, Ho Chi Minh City, HC, Vietnam"
Lẩu Băng Chuyền Kichi Kichi,4.3,695,Món lẩu,". . . Tuấn Sang chăm sóc nhiệt tình chu đáo, gia đình đã ăn rất ngon.",263 Đ. Nguyễn Hồng Đào,10.7901265,106.6406975,1.0,"Cà Phê Royaltea, 263, Nguyen Hong Dao, Ho Chi Minh City, 72012, Vietnam"
CHU DIMSUM HOUSE,4.6,207,Món ăn Trung Quốc,"Thức ăn ngon, nhân viên thân thiện nhiệt tình, bà chủ chịu chơi.",708 Đ. Âu Cơ,10.801827,106.636742,0.5,"708, Đường Âu Cơ, Ho Chi Minh City, HC, Vietnam"
Cá viên chiên 112 Đồng Đen,4.3,93,Quán ăn nhỏ,Có đọc được cmt thì cho quan xl nha.,112 Đồng Đen,10.789336,106.642924,1.0,"112, Đồng Đen, Ho Chi Minh City, HC, Vietnam"
Hải Sản Hoàng Gia CN Tân Sơn Nhì Quận Tân Phú,4.9,336,Nhà hàng,"Đồ tươi, ngon, bao đổi nên ăn luôn luôn hấp dẫn Cả.",367 P,10.8094435,106.6194316,0.5,"367, P, Ho Chi Minh City, HC 71006, Vietnam"
Chay tabaha,4.3,68,Món chay,"Quán ăn chay nhỏ trong hẻm yên tĩnh, lúc mình ăn cũng ít khách.",23 Tân Canh,10.7966415,106.6675088,1.0,"Quán Mì Nấm, 23, Tân Canh, Ho Chi Minh City, HC 72215, Vietnam"
AL Fresco's,4.5,1159,Pizza,"Mình thích đế bánh ở đây vì dày vừa đủ, không quá ngán.",111 Cộng Hòa,10.8011392,106.657243,1.0,"111, Cộng Hòa, Ho Chi Minh City, HC, Vietnam"
Kichi Kichi Vincom Cộng Hòa,4.4,799,Nhà hàng,Quán sạch sẽ đồ ăn tươi.,15-17 Cộng Hòa,10.8004946,106.6588006,1.0,"An Phuoc, 15-17, Cong Hoa St, Ho Chi Minh City, HC 72106, Vietnam"
NHÀ HÀNG CHAY PHÁT HOA,3.8,120,Đồ chay,Mình cũng hay đến đây vào những ngày chay để ăn.,201 Đ. Nguyễn Hồng Đào,10.81444,106.70613,0.25,"Ho Chi Minh City, HC, Vietnam"
Bánh Tráng Nướng Phan Rang chị Hằng,4.4,74,Món ăn nhanh,"Bánh tráng thì sẽ có thêm dĩa mắm ruốc, kèm bánh mì giòn, tốp mỡ để chấm.",42 Đường số 1,10.7485689,106.7082551,1.0,"42, Road No. 1, Ho Chi Minh City, HC 72911, Vietnam"
BÒ TƠ QUÁN MỘC 111A Gò Dầu,4.9,1982,Nhà hàng,"Quán ngon, dịch vụ tốt, nv ân cần, sạch sẽ tặng kèm tráng miệng.",111A Đ. Gò Dầu,10.795811,106.621894,0.5,"111a, Đường Gò Dầu, Ho Chi Minh City, HC, Vietnam"
Tanchou Bình Tân - Quán ăn Nhật Bản,4.4,301,Món ăn Nhật Bản,Quán đồ Nhật nhưng mở nguyên list nhạc kiểu Hoa thập niên 90 khá hay.,136 Đường số 7,10.7515559,106.6172898,1.0,"136, Đường số 7, Ho Chi Minh City, HC, Vietnam"
Lẩu Dê Lâm Ký,3.9,1308,Món lẩu,"Quán ngon nhất món lẩu, ai thích ăn lẩu ghé Lâm Ký là tuyệt vời.",47 Nguyễn Thị Nhỏ,10.772416,106.652868,0.5,"47, Nguyễn Thị Nhỏ, Ho Chi Minh City, HC, Vietnam"
Bánh Tráng Nướng Bình Thuận BiiBo | Ăn Vặt Ngon Tân Bình,4.2,23,Món ăn nhanh,Nên chỉ cần mang ra tầm 2p là bánh tráng dính cục lại.,95 Trương Công Định,10.795662,106.640851,0.5,"95, Trương Công Định, Ho Chi Minh City, HC, Vietnam"
Mực trứng quận tân bình- hải sản ngọc trinh,4.0,2,Đồ hải sản,,420 Cộng Hòa,10.802429,106.6403405,1.0,"420, Đường Cộng Hòa, Ho Chi Minh City, HC, Vietnam"
Quán Ăn Hương Vị Bắc,4.5,2,Nhà hàng,,37 Nhất Chi Mai,10.805034,106.639579,0.5,"37, Nhất Chi Mai, Ho Chi Minh City, HC, Vietnam"
Phở Đại Lợi,4.3,41,Phở,Chủ quán vui vẻ phở ăn ngon chỗ để xe rộng để được cả oto.,93 Phạm Văn Hai,10.7941707,106.6630488,1.0,"93, Phạm Văn Hai, Ho Chi Minh City, HC, Vietnam"
Nhà Hàng Ẩm Thực Ba Miền 286 Quận Tân Phú,3.6,36,Nhà hàng,"Quán rộng, đẹp, thích hợp tiệc gia đình, tiếp khách.",286B Đ. Hòa Bình,10.769011,106.637536,0.5,"286b, Đường Hòa Bình, Ho Chi Minh City, HC, Vietnam"
Chè Cô Quy - Quán Chè Ngon Tân Bình,3.7,65,Gian hàng rong,"Quán chè bán rất nhiều món ngọt, đa dạng sự lựa chọn, lại rất ngon.",128 Phạm Văn Hai,10.7934573,106.6627562,1.0,"128, Phạm Văn Hai, Ho Chi Minh City, HC, Vietnam"
Bún thịt nướng Kiều Bảo,4.0,1320,Quán ăn nhỏ,". . . cách quán chăm chút từng phần ăn, nhìn đẹp mắt mà.",266 Lê Trọng Tấn,10.8071521,106.623113,1.0,"266, Lê Trọng Tấn, Ho Chi Minh City, HC, Vietnam"
Nhà hàng Hải Hoàng - CN Bình Tân,4.3,285,Nhà hàng,Quán ruột của mình mỗi khi thèm Vịt Bắc Kinh 3 món.,239 Đ. Vành Đai Trong,10.754888,106.615318,0.5,"239, Đường Vành Đai Trong, Ho Chi Minh City, HC, Vietnam"
KFC LÝ THƯỜNG KIỆT,4.6,1709,Món ăn nhanh,Quán ngon nhân viên nhiệt tình thái độ phục vụ tốt ko có gì để chê.,446 Đ. Lý Thường Kiệt,10.7860186,106.6537791,1.0,"446, Đường Lý Thường Kiệt, Ho Chi Minh City, HC, Vietnam"
HODORI Korean Restaurent- Jeonsoolbab,4.2,124,Nhà hàng,Nhân viên ở đây nhiệt tình còn nướng thịt dùm bọn mình nè.,27A Hậu Giang,10.8079281,106.6627837,0.7124999999999999,"27, Hau Giang, Ho Chi Minh City, 72106, Vietnam"
Nhà Hàng Maison Mận-Đỏ,4.6,610,Nhà hàng,,27J Trần Nhật Duật,10.7936855,106.6895192,0.95,"27, Trần Nhật Duật, Ho Chi Minh City, HC, Vietnam"
QUÁN ĂN 66 | CUA NGON QUẬN 1 | MIẾN CUA QUẬN 1 | CUA NGON SÀI GÒN,4.9,1449,Nhà hàng,"Đồ ăn ngon, nhân viên nhiệt tình, quán ở mặt tiền nên dễ kiếm.",66 Đinh Tiên Hoàng,10.7898472,106.6980786,1.0,"66, Đinh Tiên Hoàng, Ho Chi Minh City, HC, Vietnam"
Bún Đậu Ngõ Nhỏ Phố Nhỏ,4.0,569,Nhà hàng,. . . món chính quán có mấy món như bánh tôm hay ốc nhồi rất ngon.,158 Pasteur,10.7773229,106.6998263,0.9,"Nhà Hàng Secret Garden, 158, Hẻm 158 Pasteur, Saigon, Ho Chi Minh City, HC 71006, Vietnam"
Nhà hàng Cơm Xưa,3.7,311,Nhà hàng,Menu quán không quá nhiều món nhưng đủ để ăn trưa.,20 Trần Cao Vân,10.784324,106.697355,1.0,"Nhà Hàng Hồ Tây, 20, Trần Cao Vân, Saigon, Ho Chi Minh City, HC 71006, Vietnam"
Pachi Pachi Nướng Lẩu Nhật Bản,4.1,762,Món ăn Nhật Bản,"Ngoài ra, ở đây còn nổi tiếng với những loại nước sốt thơm ngon.",52 Mạc Đĩnh Chi,10.7872323,106.6968142,1.0,"52, Mạc Đĩnh Chi, Ho Chi Minh City, HC, Vietnam"
Xù Food - Đồ Ăn Hàn Việt,4.4,594,Quán ăn nhỏ,"Đồ ăn ngon, trang trí đẹp, quán sạch sẽ, nhân viên nhiệt tình.",135/30 Trần Hưng Đạo,10.7674358,106.6945984,0.5,"30, Đường Trần Hưng Đạo, Ho Chi Minh City, HC, Vietnam"
Marukame Udon,4.2,2753,mì udon,Điểm trừ là trứng ngâm tương chưa được lâu nên chưa đậm vị lắm.,215 Lý Tự Trọng,10.7727745,106.6955122,1.0,"Marukame Udon, 215, Ly Tu Trong Street, Ho Chi Minh City, HC 71009, Vietnam"
MORICO,4.6,1030,Món ăn Nhật Bản,Vô tình ghé quán ăn nhưng thật bất ngờ với chất lượng món ăn ở đây.,"Vincom Center, 70-72 Lê Thánh Tôn",10.7772086,106.7017762,0.63,"71, Lê Thánh Tôn, Saigon, Ho Chi Minh City, HC 71006, Vietnam"
Hải Sản Hoàng Gia CN Lý Tự Trọng Quận 1,4.5,907,Nhà hàng,Đây là chi nhánh mình thấy ngon nhất của Hoàng Gia nha 🥰.,37 Lý Tự Trọng,10.77930475,106.70244531731296,1.0,"Chung cư 37 Lý Tự Trọng, 37, Ly Tu Trong Street, Saigon, Ho Chi Minh City, 71006, Vietnam"
Dynasty House (Phùng Khắc Khoan),4.5,415,Nhà hàng,"Món ăn vừa đủ ăn 😂 khá vừa miệng, nhiều phong cách.",40 Phùng Khắc Khoan,10.785603,106.696833,0.5,"40, Phùng Khắc Khoan, Ho Chi Minh City, HC, Vietnam"
Ovenmaru Chicken,4.3,882,Món ăn Hàn Quốc,Quán gà phong cách hàn nhưng được nêm nếm theo khẩu vị Việt Nam.,187 Điện Biên Phủ,10.7990029,106.7055206,0.75,"187, Điện Biên Phủ, Gia Dinh, Ho Chi Minh City, 72200, Vietnam"
The Gangs Đa Kao,4.3,2000,Thịt nướng,"Quán đẹp, đồ ăn ngon, nhiều loại đồ uống.",32 Mạc Đĩnh Chi,10.7864088,106.6977179,1.0,"32, Mạc Đĩnh Chi, Saigon, Ho Chi Minh City, HC 71006, Vietnam"
Bún Đậu Cô Khàn,3.6,1226,Quán ăn nhỏ,"Bún đậu ngon xĩu lun á hỏng biết nói gì lun, mình đi nhóm 7 người.",102/26 Đ. Cống Quỳnh,10.767601,106.686822,0.405,"Hẻm 256 Đường Cống Quỳnh, Ho Chi Minh City, HC, Vietnam"
Layla - Eatery & Bar,4.8,4968,Quán bar,"Quán dễ thương, nước ngon, view đẹp, chill lắm nhé.","Second floor, 63 Đông Du",10.7760349,106.704642,0.675,"63, Đông Du, Saigon, Ho Chi Minh City, 71006, Vietnam"
Hẻm Ăn Vặt 76,3.8,1367,Khu ăn uống,". . . nhiều quán, đủ để thỏa mãn 1 cơn thèm ăn chính cũng như.",76 Hai Bà Trưng,10.7778959,106.7036141,1.0,"76, Hai Bà Trưng, Ho Chi Minh City, HC, Vietnam"
Sushi Tony - Quán ăn Nhật Bản,4.5,661,Sushi,Quán có nhà vệ sinh view bao đẹp của hẻm Phó Đức Chính.,219 Nguyễn Công Trứ,10.7680048,106.7006366,1.0,"219, Nguyễn Công Trứ, Ho Chi Minh City, HC, Vietnam"
Quán Mì Quảng Mỹ Sơn,3.8,597,Quán mì,"Mì quảng ngon, các loại topping đều được ướp đậm đà vừa vị.",38B Đinh Tiên Hoàng,10.7866006,106.7015992,0.7124999999999999,"38, Đinh Tiên Hoàng, Saigon, Ho Chi Minh City, 71006, Vietnam"
Quán ăn Đồn Đất,3.8,159,Nhà hàng,"It is ancient Vietnamese traditional food á : Bao tử, Lòng heo, Bắp bò.",92A Mạc Đĩnh Chi,10.783888639519532,106.70041278226536,0.5,"92a, Mạc Đĩnh Chi, Saigon, Ho Chi Minh City, 71006, Vietnam"
Hua Wu Lou - Dimsum Street Chi Nhánh 2 - 83B Bùi Thị Xuân,3.9,535,Nhà hàng,"Menu quán đa dạng, giá cả hợp lí, dimsum ngon, nước chấm rất vừa miệng.",83B Bùi Thị Xuân,10.7682523,106.6868828,0.95,"Nhà Hàng Dì Năm Sa Đéc, 83D, Bùi Thị Xuân, Ho Chi Minh City, HC 70200, Vietnam"
Buffet Liberty Central Saigon Riverside,4.3,209,Nhà hàng,"Quán thoáng, sạch sẽ, đồ ăn tươi, nóng, view nhìn cảng tàu.",17 Tôn Đức Thắng,10.7740769,106.70626204068084,1.0,"Liberty Central Hotel, 17, Tôn Ðức Thắng, Saigon, Ho Chi Minh City, 71006, Vietnam"
Hủ tiếu Mỹ Tho Thanh Xuân - Hủ Tiếu Quận 1,4.0,707,Quán ăn nhỏ,Hủ tiếu vừa miệng có thêm sữa đậu nành và bánh pate choud nữa.,62 Đ. Tôn Thất Thiệp,10.77388349120162,106.70306731856364,0.5,"62, Ton That Thiep Street, Saigon, Ho Chi Minh City, 71006, Vietnam"
Quán Ngõ 89,4.0,345,Nhà hàng,Tuy nhiên đồ uống như nước sấu và mơ thì khá ngọt.,89 Nguyễn Du,10.7780085,106.6990831,1.0,"89, Nguyễn Du, Ho Chi Minh City, HC, Vietnam"
An Nhiên Nguyễn Văn Thủ,4.1,304,Món chay,"Quán nhỏ, ít món nhưng có sự chăm chút cho món ăn.",126 Nguyễn Văn Thủ,10.7882458,106.6974253,1.0,"126, Nguyễn Văn Thủ, Ho Chi Minh City, HC, Vietnam"
"Hanoi Ngon - Số 7 Huỳnh Thúc Kháng, Quận 1 | Ăn vặt chuẩn Hà Nội Ngon, Nem chua rán, Bánh gà sốt phô mai, Bánh mì nem khoai",4.7,152,Nhà hàng,"Nem ngon, bánh gà vừa miệng, chổ ngồi thoáng mát, nhân viên đẹp trai.",7 Huỳnh Thúc Kháng,10.772777431243362,106.70251886799171,0.5,"7, Huynh Thuc Khang Street, Saigon, Ho Chi Minh City, 71006, Vietnam"
Quán Ăn 1$,5.0,2,Quán ăn nhỏ,,260 Cô Bắc,10.764795,106.694728,1.0,"260, Đường Cô Bắc, Ho Chi Minh City, HC, Vietnam"
Burger King - Phạm Ngũ Lão,3.6,1268,Món ăn nhanh,View của quán nhiều góc ra phố cũng chất lượng.,223-225 Phạm Ngũ Lão,10.7684302,106.6926935,1.0,"223, Đường Phạm Ngũ Lão, Ho Chi Minh City, HC, Vietnam"
Rice Field,4.1,1340,Món ăn Việt Nam,"Quán decor kiểu mộc mạc, không bị “gồng” sang chảnh nhưng vẫn đẹp.",75 77 Hồ Tùng Mậu,10.7722345,106.7036201,1.0,"Rice Field Restaurant, 75-77, Ho Tung Mau Street, Saigon, Ho Chi Minh City, 71006, Vietnam"
Nhà hàng Ý Ciao Vợ Đẹp,4.4,848,Nhà hàng,"Quán đẹp vibe cozy, đồ ăn ngon, nhân viên nhiệt tình.",240TER Trần Hưng Đạo,10.795364,106.636337,0.5,"Trần Hưng Đạo, Ho Chi Minh City, HC, Vietnam"
Nhà hàng hải sản & lẩu Yeebo (Quận 1) - Yeebo Seafood and Hotpot Restaurant (District 1),4.2,638,Món ăn Châu Á,"Nhà hàng lâu đời, đồ ăn khá.",1 Lê Thánh Tôn,10.77517091861902,106.69999073167963,0.5,"1, Le Thanh Ton Street, Saigon, Ho Chi Minh City, 71006, Vietnam"
Nori - Modern Izakaya,4.9,1674,Món ăn Nhật Bản,"Đồ ăn ngon quán thoải mái, nhân viên xoài phục vụ nhiệt tình.",114 - 114A Lý Tự Trọng,10.778569486821247,106.7015995871049,0.5,"Ly Tu Trong Street, Saigon, Ho Chi Minh City, 71006, Vietnam"
The Street 37 Mạc Đĩnh Chi - Quán Nhậu Chất,4.8,2363,Nhà hàng,"Quán đông, nhân viên nhiệt tình, menu đa dạng, khá ngon.",37 Mạc Đĩnh Chi,10.7862122,106.6979231,1.0,"37, Mạc Đĩnh Chi, Saigon, Ho Chi Minh City, HC 71006, Vietnam"
